Workbook

Sheet 01_개요
A1: 2027 AI 활용 선도교사 연수 (예시권역)
A3: 권역 | B3: 0권역(예시: 대전·세종·충북)
A4: 주관기관 | B4: OO대학교
A5: 사업기간 | B5: 2027-07-01 ~ 2027-08-31
A6: 총사업비(원) | B6: 450000000
A7: 참여기관 수 | B7: 4

Sheet 02_예산총괄
A1: 예산 총괄
A3: 카테고리 | B3: 금액(원) | C3: 비중(%)
A4: 인건비 | B4: =SUM(03_세부예산!F2:F3) -> 18000000 | C4: =B4/$B$9 -> 0.2284264
A5: 강사료 | B5: =SUM(03_세부예산!F4:F5) -> 26000000 | C5: =B5/$B$9 -> 0.32994924
A6: 콘텐츠개발비 | B6: =SUM(03_세부예산!F6:F7) -> 19000000 | C6: =B6/$B$9 -> 0.24111675
A7: 운영비 | B7: =SUM(03_세부예산!F8:F9) -> 10800000 | C7: =B7/$B$9 -> 0.13705584
A8: 관리비 | B8: =SUM(03_세부예산!F10:F10) -> 5000000 | C8: =B8/$B$9 -> 0.063451777
A9: 합계 | B9: =SUM(B4:B8) -> 78800000
A11: 검증: 총사업비 대비 차액(원) | B11: =01_개요!B6-B9 -> 371200000

Sheet 03_세부예산
A1: 카테고리 | B1: 세부항목 | C1: 단가(원) | D1: 수량 | E1: 횟수 | F1: 금액(원) | G1: 비고
A2: 인건비 | B2: 사업총괄 1인 | C2: 4000000 | D2: 1 | E2: 2 | F2: =C2*D2*E2 -> 8000000
A3: 인건비 | B3: 운영보조 2인 | C3: 2500000 | D3: 2 | E3: 2 | F3: =C3*D3*E3 -> 10000000
A4: 강사료 | B4: AI활용 강사료 | C4: 300000 | D4: 20 | E4: 4 | F4: =C4*D4*E4 -> 24000000
A5: 강사료 | B5: 특강 강사료 | C5: 500000 | D5: 4 | E5: 1 | F5: =C5*D5*E5 -> 2000000
A6: 콘텐츠개발비 | B6: AIDT 연계 콘텐츠 제작 | C6: 15000000 | D6: 1 | E6: 1 | F6: =C6*D6*E6 -> 15000000
A7: 콘텐츠개발비 | B7: 교재 편집·인쇄 | C7: 8000 | D7: 500 | E7: 1 | F7: =C7*D7*E7 -> 4000000
A8: 운영비 | B8: 장소 대관 | C8: 1200000 | D8: 4 | E8: 1 | F8: =C8*D8*E8 -> 4800000
A9: 운영비 | B9: 다과·식비 | C9: 12000 | D9: 500 | E9: 1 | F9: =C9*D9*E9 -> 6000000
A10: 관리비 | B10: 행정 관리비(간접) | C10: 5000000 | D10: 1 | E10: 1 | F10: =C10*D10*E10 -> 5000000

Sheet 04_참여기관_분담내역
A1: 참여기관별 분담 내역
A3: 참여기관 | B3: 분담률(%) | C3: 분담금액(원) | D3: 역할
A4: OO대학교 | B4: 0.4 | C4: =B4*02_예산총괄!$B$9 -> 31520000 | D4: 총괄 주관
A5: 비상교육 | B5: 0.18 | C5: =B5*02_예산총괄!$B$9 -> 14184000 | D5: 콘텐츠·플랫폼 운영
A6: △△교육청 | B6: 0.22 | C6: =B6*02_예산총괄!$B$9 -> 17336000 | D6: 현장 연계·홍보
A7: □□연구원 | B7: 0.2 | C7: =B7*02_예산총괄!$B$9 -> 15760000 | D7: 연구·평가
A8: 합계 | B8: =SUM(B4:B7) -> 1 | C8: =SUM(C4:C7) -> 78800000

Sheet 05_지역별_배분
A1: 지역별 배분
A3: 지역코드 | B3: 지역명 | C3: 참여교사수 | D3: 1인당 배정예산(원)
A4: 30 | B4: 대전 | C4: 150 | D4: =02_예산총괄!$B$9/$C$7 -> 157600
A5: 36 | B5: 세종 | C5: 80 | D5: =02_예산총괄!$B$9/$C$7 -> 157600
A6: 43 | B6: 충북 | C6: 270 | D6: =02_예산총괄!$B$9/$C$7 -> 157600
B7: 합계 | C7: =SUM(C4:C6) -> 500
