Workbook

Sheet 시도별 현황
A1: 2026 전국 AI 중점학교 · AI·디지털 활용 선도학교 — 시도별 공개·확보 현황
A2: 확보 수는 명단 탭을 COUNTIFS로 집계(명단 수정 시 자동 반영). 교육부 지정 수는 2026 AI 중점학교 교육부 발표 시도별 수치. 미공개 시도는 붉은 칸.
A4: ① 시도별 현황표
A5: 시도 | B5: AI 교육부 지정 | C5: AI 확보 | D5: 확보율 | E5: AI 명단 | F5: 디지털 발표 수 | G5: 디지털 확보 | H5: 디지털 명단 | I5: 합계(확보) | J5: 비고
A6: 서울 | B6: 182 | C6: =COUNTIFS('AI 중점학교'!$B$5:$B$989,"서울") -> 182 | D6: =IFERROR(C6/B6,0) -> 1 | E6: 공개 | F6: - | G6: =COUNTIFS('AI·디지털 선도학교'!$B$5:$B$1058,"서울") -> 190 | H6: 공개 | I6: =C6+G6 -> 372
A7: 부산 | B7: 44 | C7: =COUNTIFS('AI 중점학교'!$B$5:$B$989,"부산") -> 44 | D7: =IFERROR(C7/B7,0) -> 1 | E7: 공개 | F7: - | G7: =COUNTIFS('AI·디지털 선도학교'!$B$5:$B$1058,"부산") -> 78 | H7: 공개 | I7: =C7+G7 -> 122
A8: 대구 | B8: 60 | C8: =COUNTIFS('AI 중점학교'!$B$5:$B$989,"대구") -> 60 | D8: =IFERROR(C8/B8,0) -> 1 | E8: 공개 | F8: - | G8: =COUNTIFS('AI·디지털 선도학교'!$B$5:$B$1058,"대구") -> 125 | H8: 공개 | I8: =C8+G8 -> 185 | J8: AI 유형1·2·3(대구 자체 분류)
A9: 인천 | B9: 107 | C9: =COUNTIFS('AI 중점학교'!$B$5:$B$989,"인천") -> 107 | D9: =IFERROR(C9/B9,0) -> 1 | E9: 공개 | F9: - | G9: =COUNTIFS('AI·디지털 선도학교'!$B$5:$B$1058,"인천") -> 73 | H9: 공개 | I9: =C9+G9 -> 180 | J9: 디지털: 연구학교 3교 포함
A10: 광주 | B10: 27 | C10: =COUNTIFS('AI 중점학교'!$B$5:$B$989,"광주") -> 27 | D10: =IFERROR(C10/B10,0) -> 1 | E10: 공개 | F10: - | G10: =COUNTIFS('AI·디지털 선도학교'!$B$5:$B$1058,"광주") -> 40 | H10: 공개 | I10: =C10+G10 -> 67 | J10: 2026 전남광주 통합 – 나이스 주소·관할청 표기 기준
A11: 대전 | B11: 24 | C11: =COUNTIFS('AI 중점학교'!$B$5:$B$989,"대전") -> 22 | D11: =IFERROR(C11/B11,0) -> 0.91666667 | E11: 공개 | F11: - | G11: =COUNTIFS('AI·디지털 선도학교'!$B$5:$B$1058,"대전") -> 35 | H11: 공개 | I11: =C11+G11 -> 57 | J11: AI: 교육부 24교 중 22교 확인 / 디지털: 연구학교 3교 포함
A12: 울산 | B12: 16 | C12: =COUNTIFS('AI 중점학교'!$B$5:$B$989,"울산") -> 16 | D12: =IFERROR(C12/B12,0) -> 1 | E12: 공개 | F12: - | G12: =COUNTIFS('AI·디지털 선도학교'!$B$5:$B$1058,"울산") -> 28 | H12: 공개 | I12: =C12+G12 -> 44
A13: 세종 | B13: 42 | C13: =COUNTIFS('AI 중점학교'!$B$5:$B$989,"세종") -> 0 | D13: =IFERROR(C13/B13,0) -> 0 | E13: 미공개 | F13: - | G13: =COUNTIFS('AI·디지털 선도학교'!$B$5:$B$1058,"세종") -> 0 | H13: 미공개 | I13: =C13+G13 -> 0 | J13: AI·디지털 명단 비공개
A14: 경기 | B14: 200 | C14: =COUNTIFS('AI 중점학교'!$B$5:$B$989,"경기") -> 200 | D14: =IFERROR(C14/B14,0) -> 1 | E14: 공개 | F14: 350 | G14: =COUNTIFS('AI·디지털 선도학교'!$B$5:$B$1058,"경기") -> 0 | H14: 미공개 | I14: =C14+G14 -> 200 | J14: AI 1교 운영유형 확인필요 / 디지털 350교 선정 발표됐으나 명단 비공개
A15: 강원 | B15: 26 | C15: =COUNTIFS('AI 중점학교'!$B$5:$B$989,"강원") -> 0 | D15: =IFERROR(C15/B15,0) -> 0 | E15: 미공개 | F15: - | G15: =COUNTIFS('AI·디지털 선도학교'!$B$5:$B$1058,"강원") -> 0 | H15: 미공개 | I15: =C15+G15 -> 0 | J15: AI·디지털 명단 비공개
A16: 충북 | B16: 40 | C16: =COUNTIFS('AI 중점학교'!$B$5:$B$989,"충북") -> 40 | D16: =IFERROR(C16/B16,0) -> 1 | E16: 공개 | F16: - | G16: =COUNTIFS('AI·디지털 선도학교'!$B$5:$B$1058,"충북") -> 150 | H16: 공개 | I16: =C16+G16 -> 190
A17: 충남 | B17: 113 | C17: =COUNTIFS('AI 중점학교'!$B$5:$B$989,"충남") -> 0 | D17: =IFERROR(C17/B17,0) -> 0 | E17: 미공개 | F17: - | G17: =COUNTIFS('AI·디지털 선도학교'!$B$5:$B$1058,"충남") -> 0 | H17: 미공개 | I17: =C17+G17 -> 0 | J17: AI·디지털 명단 비공개
A18: 전북 | B18: 81 | C18: =COUNTIFS('AI 중점학교'!$B$5:$B$989,"전북") -> 81 | D18: =IFERROR(C18/B18,0) -> 1 | E18: 공개 | F18: - | G18: =COUNTIFS('AI·디지털 선도학교'!$B$5:$B$1058,"전북") -> 100 | H18: 공개 | I18: =C18+G18 -> 181
A19: 전남 | B19: 34 | C19: =COUNTIFS('AI 중점학교'!$B$5:$B$989,"전남") -> 62 | D19: =IFERROR(C19/B19,0) -> 1.8235294 | E19: 공개 | F19: - | G19: =COUNTIFS('AI·디지털 선도학교'!$B$5:$B$1058,"전남") -> 85 | H19: 공개 | I19: =C19+G19 -> 147 | J19: AI: 교육청 공개 62교(교육부 집계 34교) – 교육청 자체 운영교 포함 추정
A20: 경북 | B20: 85 | C20: =COUNTIFS('AI 중점학교'!$B$5:$B$989,"경북") -> 84 | D20: =IFERROR(C20/B20,0) -> 0.98823529 | E20: 공개 | F20: - | G20: =COUNTIFS('AI·디지털 선도학교'!$B$5:$B$1058,"경북") -> 150 | H20: 공개 | I20: =C20+G20 -> 234 | J20: AI: 교육부 85교 중 84교 확인
A21: 경남 | B21: 49 | C21: =COUNTIFS('AI 중점학교'!$B$5:$B$989,"경남") -> 49 | D21: =IFERROR(C21/B21,0) -> 1 | E21: 공개 | F21: - | G21: =COUNTIFS('AI·디지털 선도학교'!$B$5:$B$1058,"경남") -> 0 | H21: 미공개 | I21: =C21+G21 -> 49 | J21: 디지털 명단 비공개
A22: 제주 | B22: 11 | C22: =COUNTIFS('AI 중점학교'!$B$5:$B$989,"제주") -> 11 | D22: =IFERROR(C22/B22,0) -> 1 | E22: 공개 | F22: 50 | G22: =COUNTIFS('AI·디지털 선도학교'!$B$5:$B$1058,"제주") -> 0 | H22: 미공개 | I22: =C22+G22 -> 11 | J22: 디지털 50교 선정, 명단 비공개
A23: 전국 | B23: =SUM(B6:B22) -> 1141 | C23: =SUM(C6:C22) -> 985 | D23: =IFERROR(C23/B23,0) -> 0.86327783 | E23: 14/17 공개 | F23: - | G23: =SUM(G6:G22) -> 1054 | H23: 11/17 공개 | I23: =SUM(I6:I22) -> 2039
A25: ② AI 중점학교 — 시도 × 학교급 (확보 명단 기준)
A26: 시도 | B26: 초 | C26: 중 | D26: 고 | E26: 특수/기타 | F26: 계 | G26: 타 사업 겸임
A27: 서울 | B27: =COUNTIFS('AI 중점학교'!$B$5:$B$989,"서울",'AI 중점학교'!$E$5:$E$989,"초") -> 78 | C27: =COUNTIFS('AI 중점학교'!$B$5:$B$989,"서울",'AI 중점학교'!$E$5:$E$989,"중") -> 46 | D27: =COUNTIFS('AI 중점학교'!$B$5:$B$989,"서울",'AI 중점학교'!$E$5:$E$989,"고") -> 55 | E27: =COUNTIFS('AI 중점학교'!$B$5:$B$989,"서울",'AI 중점학교'!$E$5:$E$989,"특수/기타") -> 3 | F27: =SUM(B27:E27) -> 182 | G27: =COUNTIFS('AI 중점학교'!$B$5:$B$989,"서울",'AI 중점학교'!$I$5:$I$989,"O") -> 0
A28: 부산 | B28: =COUNTIFS('AI 중점학교'!$B$5:$B$989,"부산",'AI 중점학교'!$E$5:$E$989,"초") -> 19 | C28: =COUNTIFS('AI 중점학교'!$B$5:$B$989,"부산",'AI 중점학교'!$E$5:$E$989,"중") -> 4 | D28: =COUNTIFS('AI 중점학교'!$B$5:$B$989,"부산",'AI 중점학교'!$E$5:$E$989,"고") -> 17 | E28: =COUNTIFS('AI 중점학교'!$B$5:$B$989,"부산",'AI 중점학교'!$E$5:$E$989,"특수/기타") -> 4 | F28: =SUM(B28:E28) -> 44 | G28: =COUNTIFS('AI 중점학교'!$B$5:$B$989,"부산",'AI 중점학교'!$I$5:$I$989,"O") -> 25
A29: 대구 | B29: =COUNTIFS('AI 중점학교'!$B$5:$B$989,"대구",'AI 중점학교'!$E$5:$E$989,"초") -> 21 | C29: =COUNTIFS('AI 중점학교'!$B$5:$B$989,"대구",'AI 중점학교'!$E$5:$E$989,"중") -> 32 | D29: =COUNTIFS('AI 중점학교'!$B$5:$B$989,"대구",'AI 중점학교'!$E$5:$E$989,"고") -> 7 | E29: =COUNTIFS('AI 중점학교'!$B$5:$B$989,"대구",'AI 중점학교'!$E$5:$E$989,"특수/기타") -> 0 | F29: =SUM(B29:E29) -> 60 | G29: =COUNTIFS('AI 중점학교'!$B$5:$B$989,"대구",'AI 중점학교'!$I$5:$I$989,"O") -> 18
A30: 인천 | B30: =COUNTIFS('AI 중점학교'!$B$5:$B$989,"인천",'AI 중점학교'!$E$5:$E$989,"초") -> 36 | C30: =COUNTIFS('AI 중점학교'!$B$5:$B$989,"인천",'AI 중점학교'!$E$5:$E$989,"중") -> 37 | D30: =COUNTIFS('AI 중점학교'!$B$5:$B$989,"인천",'AI 중점학교'!$E$5:$E$989,"고") -> 33 | E30: =COUNTIFS('AI 중점학교'!$B$5:$B$989,"인천",'AI 중점학교'!$E$5:$E$989,"특수/기타") -> 1 | F30: =SUM(B30:E30) -> 107 | G30: =COUNTIFS('AI 중점학교'!$B$5:$B$989,"인천",'AI 중점학교'!$I$5:$I$989,"O") -> 2
A31: 광주 | B31: =COUNTIFS('AI 중점학교'!$B$5:$B$989,"광주",'AI 중점학교'!$E$5:$E$989,"초") -> 13 | C31: =COUNTIFS('AI 중점학교'!$B$5:$B$989,"광주",'AI 중점학교'!$E$5:$E$989,"중") -> 7 | D31: =COUNTIFS('AI 중점학교'!$B$5:$B$989,"광주",'AI 중점학교'!$E$5:$E$989,"고") -> 7 | E31: =COUNTIFS('AI 중점학교'!$B$5:$B$989,"광주",'AI 중점학교'!$E$5:$E$989,"특수/기타") -> 0 | F31: =SUM(B31:E31) -> 27 | G31: =COUNTIFS('AI 중점학교'!$B$5:$B$989,"광주",'AI 중점학교'!$I$5:$I$989,"O") -> 3
A32: 대전 | B32: =COUNTIFS('AI 중점학교'!$B$5:$B$989,"대전",'AI 중점학교'!$E$5:$E$989,"초") -> 6 | C32: =COUNTIFS('AI 중점학교'!$B$5:$B$989,"대전",'AI 중점학교'!$E$5:$E$989,"중") -> 7 | D32: =COUNTIFS('AI 중점학교'!$B$5:$B$989,"대전",'AI 중점학교'!$E$5:$E$989,"고") -> 9 | E32: =COUNTIFS('AI 중점학교'!$B$5:$B$989,"대전",'AI 중점학교'!$E$5:$E$989,"특수/기타") -> 0 | F32: =SUM(B32:E32) -> 22 | G32: =COUNTIFS('AI 중점학교'!$B$5:$B$989,"대전",'AI 중점학교'!$I$5:$I$989,"O") -> 7
A33: 울산 | B33: =COUNTIFS('AI 중점학교'!$B$5:$B$989,"울산",'AI 중점학교'!$E$5:$E$989,"초") -> 7 | C33: =COUNTIFS('AI 중점학교'!$B$5:$B$989,"울산",'AI 중점학교'!$E$5:$E$989,"중") -> 4 | D33: =COUNTIFS('AI 중점학교'!$B$5:$B$989,"울산",'AI 중점학교'!$E$5:$E$989,"고") -> 5 | E33: =COUNTIFS('AI 중점학교'!$B$5:$B$989,"울산",'AI 중점학교'!$E$5:$E$989,"특수/기타") -> 0 | F33: =SUM(B33:E33) -> 16 | G33: =COUNTIFS('AI 중점학교'!$B$5:$B$989,"울산",'AI 중점학교'!$I$5:$I$989,"O") -> 0
A34: 경기 | B34: =COUNTIFS('AI 중점학교'!$B$5:$B$989,"경기",'AI 중점학교'!$E$5:$E$989,"초") -> 98 | C34: =COUNTIFS('AI 중점학교'!$B$5:$B$989,"경기",'AI 중점학교'!$E$5:$E$989,"중") -> 46 | D34: =COUNTIFS('AI 중점학교'!$B$5:$B$989,"경기",'AI 중점학교'!$E$5:$E$989,"고") -> 55 | E34: =COUNTIFS('AI 중점학교'!$B$5:$B$989,"경기",'AI 중점학교'!$E$5:$E$989,"특수/기타") -> 1 | F34: =SUM(B34:E34) -> 200 | G34: =COUNTIFS('AI 중점학교'!$B$5:$B$989,"경기",'AI 중점학교'!$I$5:$I$989,"O") -> 0
A35: 충북 | B35: =COUNTIFS('AI 중점학교'!$B$5:$B$989,"충북",'AI 중점학교'!$E$5:$E$989,"초") -> 22 | C35: =COUNTIFS('AI 중점학교'!$B$5:$B$989,"충북",'AI 중점학교'!$E$5:$E$989,"중") -> 5 | D35: =COUNTIFS('AI 중점학교'!$B$5:$B$989,"충북",'AI 중점학교'!$E$5:$E$989,"고") -> 11 | E35: =COUNTIFS('AI 중점학교'!$B$5:$B$989,"충북",'AI 중점학교'!$E$5:$E$989,"특수/기타") -> 2 | F35: =SUM(B35:E35) -> 40 | G35: =COUNTIFS('AI 중점학교'!$B$5:$B$989,"충북",'AI 중점학교'!$I$5:$I$989,"O") -> 25
A36: 전북 | B36: =COUNTIFS('AI 중점학교'!$B$5:$B$989,"전북",'AI 중점학교'!$E$5:$E$989,"초") -> 51 | C36: =COUNTIFS('AI 중점학교'!$B$5:$B$989,"전북",'AI 중점학교'!$E$5:$E$989,"중") -> 15 | D36: =COUNTIFS('AI 중점학교'!$B$5:$B$989,"전북",'AI 중점학교'!$E$5:$E$989,"고") -> 13 | E36: =COUNTIFS('AI 중점학교'!$B$5:$B$989,"전북",'AI 중점학교'!$E$5:$E$989,"특수/기타") -> 2 | F36: =SUM(B36:E36) -> 81 | G36: =COUNTIFS('AI 중점학교'!$B$5:$B$989,"전북",'AI 중점학교'!$I$5:$I$989,"O") -> 23
A37: 전남 | B37: =COUNTIFS('AI 중점학교'!$B$5:$B$989,"전남",'AI 중점학교'!$E$5:$E$989,"초") -> 28 | C37: =COUNTIFS('AI 중점학교'!$B$5:$B$989,"전남",'AI 중점학교'!$E$5:$E$989,"중") -> 18 | D37: =COUNTIFS('AI 중점학교'!$B$5:$B$989,"전남",'AI 중점학교'!$E$5:$E$989,"고") -> 16 | E37: =COUNTIFS('AI 중점학교'!$B$5:$B$989,"전남",'AI 중점학교'!$E$5:$E$989,"특수/기타") -> 0 | F37: =SUM(B37:E37) -> 62 | G37: =COUNTIFS('AI 중점학교'!$B$5:$B$989,"전남",'AI 중점학교'!$I$5:$I$989,"O") -> 19
A38: 경북 | B38: =COUNTIFS('AI 중점학교'!$B$5:$B$989,"경북",'AI 중점학교'!$E$5:$E$989,"초") -> 44 | C38: =COUNTIFS('AI 중점학교'!$B$5:$B$989,"경북",'AI 중점학교'!$E$5:$E$989,"중") -> 15 | D38: =COUNTIFS('AI 중점학교'!$B$5:$B$989,"경북",'AI 중점학교'!$E$5:$E$989,"고") -> 23 | E38: =COUNTIFS('AI 중점학교'!$B$5:$B$989,"경북",'AI 중점학교'!$E$5:$E$989,"특수/기타") -> 2 | F38: =SUM(B38:E38) -> 84 | G38: =COUNTIFS('AI 중점학교'!$B$5:$B$989,"경북",'AI 중점학교'!$I$5:$I$989,"O") -> 23
A39: 경남 | B39: =COUNTIFS('AI 중점학교'!$B$5:$B$989,"경남",'AI 중점학교'!$E$5:$E$989,"초") -> 29 | C39: =COUNTIFS('AI 중점학교'!$B$5:$B$989,"경남",'AI 중점학교'!$E$5:$E$989,"중") -> 4 | D39: =COUNTIFS('AI 중점학교'!$B$5:$B$989,"경남",'AI 중점학교'!$E$5:$E$989,"고") -> 16 | E39: =COUNTIFS('AI 중점학교'!$B$5:$B$989,"경남",'AI 중점학교'!$E$5:$E$989,"특수/기타") -> 0 | F39: =SUM(B39:E39) -> 49 | G39: =COUNTIFS('AI 중점학교'!$B$5:$B$989,"경남",'AI 중점학교'!$I$5:$I$989,"O") -> 0
A40: 제주 | B40: =COUNTIFS('AI 중점학교'!$B$5:$B$989,"제주",'AI 중점학교'!$E$5:$E$989,"초") -> 3 | C40: =COUNTIFS('AI 중점학교'!$B$5:$B$989,"제주",'AI 중점학교'!$E$5:$E$989,"중") -> 0 | D40: =COUNTIFS('AI 중점학교'!$B$5:$B$989,"제주",'AI 중점학교'!$E$5:$E$989,"고") -> 8 | E40: =COUNTIFS('AI 중점학교'!$B$5:$B$989,"제주",'AI 중점학교'!$E$5:$E$989,"특수/기타") -> 0 | F40: =SUM(B40:E40) -> 11 | G40: =COUNTIFS('AI 중점학교'!$B$5:$B$989,"제주",'AI 중점학교'!$I$5:$I$989,"O") -> 0
A41: 계 | B41: =SUM(B27:B40) -> 455 | C41: =SUM(C27:C40) -> 240 | D41: =SUM(D27:D40) -> 275 | E41: =SUM(E27:E40) -> 15 | F41: =SUM(F27:F40) -> 985 | G41: =SUM(G27:G40) -> 145
A43: ③ AI·디지털 선도학교 — 시도 × 학교급 (확보 명단 기준)
A44: 시도 | B44: 초 | C44: 중 | D44: 고 | E44: 특수/기타 | F44: 계 | G44: 타 사업 겸임
A45: 서울 | B45: =COUNTIFS('AI·디지털 선도학교'!$B$5:$B$1058,"서울",'AI·디지털 선도학교'!$E$5:$E$1058,"초") -> 91 | C45: =COUNTIFS('AI·디지털 선도학교'!$B$5:$B$1058,"서울",'AI·디지털 선도학교'!$E$5:$E$1058,"중") -> 56 | D45: =COUNTIFS('AI·디지털 선도학교'!$B$5:$B$1058,"서울",'AI·디지털 선도학교'!$E$5:$E$1058,"고") -> 43 | E45: =COUNTIFS('AI·디지털 선도학교'!$B$5:$B$1058,"서울",'AI·디지털 선도학교'!$E$5:$E$1058,"특수/기타") -> 0 | F45: =SUM(B45:E45) -> 190 | G45: =COUNTIFS('AI·디지털 선도학교'!$B$5:$B$1058,"서울",'AI·디지털 선도학교'!$I$5:$I$1058,"O") -> 0
A46: 부산 | B46: =COUNTIFS('AI·디지털 선도학교'!$B$5:$B$1058,"부산",'AI·디지털 선도학교'!$E$5:$E$1058,"초") -> 40 | C46: =COUNTIFS('AI·디지털 선도학교'!$B$5:$B$1058,"부산",'AI·디지털 선도학교'!$E$5:$E$1058,"중") -> 11 | D46: =COUNTIFS('AI·디지털 선도학교'!$B$5:$B$1058,"부산",'AI·디지털 선도학교'!$E$5:$E$1058,"고") -> 24 | E46: =COUNTIFS('AI·디지털 선도학교'!$B$5:$B$1058,"부산",'AI·디지털 선도학교'!$E$5:$E$1058,"특수/기타") -> 3 | F46: =SUM(B46:E46) -> 78 | G46: =COUNTIFS('AI·디지털 선도학교'!$B$5:$B$1058,"부산",'AI·디지털 선도학교'!$I$5:$I$1058,"O") -> 25
A47: 대구 | B47: =COUNTIFS('AI·디지털 선도학교'!$B$5:$B$1058,"대구",'AI·디지털 선도학교'!$E$5:$E$1058,"초") -> 58 | C47: =COUNTIFS('AI·디지털 선도학교'!$B$5:$B$1058,"대구",'AI·디지털 선도학교'!$E$5:$E$1058,"중") -> 33 | D47: =COUNTIFS('AI·디지털 선도학교'!$B$5:$B$1058,"대구",'AI·디지털 선도학교'!$E$5:$E$1058,"고") -> 34 | E47: =COUNTIFS('AI·디지털 선도학교'!$B$5:$B$1058,"대구",'AI·디지털 선도학교'!$E$5:$E$1058,"특수/기타") -> 0 | F47: =SUM(B47:E47) -> 125 | G47: =COUNTIFS('AI·디지털 선도학교'!$B$5:$B$1058,"대구",'AI·디지털 선도학교'!$I$5:$I$1058,"O") -> 18
A48: 인천 | B48: =COUNTIFS('AI·디지털 선도학교'!$B$5:$B$1058,"인천",'AI·디지털 선도학교'!$E$5:$E$1058,"초") -> 33 | C48: =COUNTIFS('AI·디지털 선도학교'!$B$5:$B$1058,"인천",'AI·디지털 선도학교'!$E$5:$E$1058,"중") -> 15 | D48: =COUNTIFS('AI·디지털 선도학교'!$B$5:$B$1058,"인천",'AI·디지털 선도학교'!$E$5:$E$1058,"고") -> 23 | E48: =COUNTIFS('AI·디지털 선도학교'!$B$5:$B$1058,"인천",'AI·디지털 선도학교'!$E$5:$E$1058,"특수/기타") -> 2 | F48: =SUM(B48:E48) -> 73 | G48: =COUNTIFS('AI·디지털 선도학교'!$B$5:$B$1058,"인천",'AI·디지털 선도학교'!$I$5:$I$1058,"O") -> 2
A49: 광주 | B49: =COUNTIFS('AI·디지털 선도학교'!$B$5:$B$1058,"광주",'AI·디지털 선도학교'!$E$5:$E$1058,"초") -> 16 | C49: =COUNTIFS('AI·디지털 선도학교'!$B$5:$B$1058,"광주",'AI·디지털 선도학교'!$E$5:$E$1058,"중") -> 11 | D49: =COUNTIFS('AI·디지털 선도학교'!$B$5:$B$1058,"광주",'AI·디지털 선도학교'!$E$5:$E$1058,"고") -> 11 | E49: =COUNTIFS('AI·디지털 선도학교'!$B$5:$B$1058,"광주",'AI·디지털 선도학교'!$E$5:$E$1058,"특수/기타") -> 2 | F49: =SUM(B49:E49) -> 40 | G49: =COUNTIFS('AI·디지털 선도학교'!$B$5:$B$1058,"광주",'AI·디지털 선도학교'!$I$5:$I$1058,"O") -> 3
A50: 대전 | B50: =COUNTIFS('AI·디지털 선도학교'!$B$5:$B$1058,"대전",'AI·디지털 선도학교'!$E$5:$E$1058,"초") -> 8 | C50: =COUNTIFS('AI·디지털 선도학교'!$B$5:$B$1058,"대전",'AI·디지털 선도학교'!$E$5:$E$1058,"중") -> 11 | D50: =COUNTIFS('AI·디지털 선도학교'!$B$5:$B$1058,"대전",'AI·디지털 선도학교'!$E$5:$E$1058,"고") -> 16 | E50: =COUNTIFS('AI·디지털 선도학교'!$B$5:$B$1058,"대전",'AI·디지털 선도학교'!$E$5:$E$1058,"특수/기타") -> 0 | F50: =SUM(B50:E50) -> 35 | G50: =COUNTIFS('AI·디지털 선도학교'!$B$5:$B$1058,"대전",'AI·디지털 선도학교'!$I$5:$I$1058,"O") -> 7
A51: 울산 | B51: =COUNTIFS('AI·디지털 선도학교'!$B$5:$B$1058,"울산",'AI·디지털 선도학교'!$E$5:$E$1058,"초") -> 10 | C51: =COUNTIFS('AI·디지털 선도학교'!$B$5:$B$1058,"울산",'AI·디지털 선도학교'!$E$5:$E$1058,"중") -> 11 | D51: =COUNTIFS('AI·디지털 선도학교'!$B$5:$B$1058,"울산",'AI·디지털 선도학교'!$E$5:$E$1058,"고") -> 7 | E51: =COUNTIFS('AI·디지털 선도학교'!$B$5:$B$1058,"울산",'AI·디지털 선도학교'!$E$5:$E$1058,"특수/기타") -> 0 | F51: =SUM(B51:E51) -> 28 | G51: =COUNTIFS('AI·디지털 선도학교'!$B$5:$B$1058,"울산",'AI·디지털 선도학교'!$I$5:$I$1058,"O") -> 0
A52: 충북 | B52: =COUNTIFS('AI·디지털 선도학교'!$B$5:$B$1058,"충북",'AI·디지털 선도학교'!$E$5:$E$1058,"초") -> 63 | C52: =COUNTIFS('AI·디지털 선도학교'!$B$5:$B$1058,"충북",'AI·디지털 선도학교'!$E$5:$E$1058,"중") -> 35 | D52: =COUNTIFS('AI·디지털 선도학교'!$B$5:$B$1058,"충북",'AI·디지털 선도학교'!$E$5:$E$1058,"고") -> 41 | E52: =COUNTIFS('AI·디지털 선도학교'!$B$5:$B$1058,"충북",'AI·디지털 선도학교'!$E$5:$E$1058,"특수/기타") -> 11 | F52: =SUM(B52:E52) -> 150 | G52: =COUNTIFS('AI·디지털 선도학교'!$B$5:$B$1058,"충북",'AI·디지털 선도학교'!$I$5:$I$1058,"O") -> 25
A53: 전북 | B53: =COUNTIFS('AI·디지털 선도학교'!$B$5:$B$1058,"전북",'AI·디지털 선도학교'!$E$5:$E$1058,"초") -> 48 | C53: =COUNTIFS('AI·디지털 선도학교'!$B$5:$B$1058,"전북",'AI·디지털 선도학교'!$E$5:$E$1058,"중") -> 24 | D53: =COUNTIFS('AI·디지털 선도학교'!$B$5:$B$1058,"전북",'AI·디지털 선도학교'!$E$5:$E$1058,"고") -> 26 | E53: =COUNTIFS('AI·디지털 선도학교'!$B$5:$B$1058,"전북",'AI·디지털 선도학교'!$E$5:$E$1058,"특수/기타") -> 2 | F53: =SUM(B53:E53) -> 100 | G53: =COUNTIFS('AI·디지털 선도학교'!$B$5:$B$1058,"전북",'AI·디지털 선도학교'!$I$5:$I$1058,"O") -> 23
A54: 전남 | B54: =COUNTIFS('AI·디지털 선도학교'!$B$5:$B$1058,"전남",'AI·디지털 선도학교'!$E$5:$E$1058,"초") -> 48 | C54: =COUNTIFS('AI·디지털 선도학교'!$B$5:$B$1058,"전남",'AI·디지털 선도학교'!$E$5:$E$1058,"중") -> 18 | D54: =COUNTIFS('AI·디지털 선도학교'!$B$5:$B$1058,"전남",'AI·디지털 선도학교'!$E$5:$E$1058,"고") -> 17 | E54: =COUNTIFS('AI·디지털 선도학교'!$B$5:$B$1058,"전남",'AI·디지털 선도학교'!$E$5:$E$1058,"특수/기타") -> 2 | F54: =SUM(B54:E54) -> 85 | G54: =COUNTIFS('AI·디지털 선도학교'!$B$5:$B$1058,"전남",'AI·디지털 선도학교'!$I$5:$I$1058,"O") -> 19
A55: 경북 | B55: =COUNTIFS('AI·디지털 선도학교'!$B$5:$B$1058,"경북",'AI·디지털 선도학교'!$E$5:$E$1058,"초") -> 82 | C55: =COUNTIFS('AI·디지털 선도학교'!$B$5:$B$1058,"경북",'AI·디지털 선도학교'!$E$5:$E$1058,"중") -> 33 | D55: =COUNTIFS('AI·디지털 선도학교'!$B$5:$B$1058,"경북",'AI·디지털 선도학교'!$E$5:$E$1058,"고") -> 32 | E55: =COUNTIFS('AI·디지털 선도학교'!$B$5:$B$1058,"경북",'AI·디지털 선도학교'!$E$5:$E$1058,"특수/기타") -> 3 | F55: =SUM(B55:E55) -> 150 | G55: =COUNTIFS('AI·디지털 선도학교'!$B$5:$B$1058,"경북",'AI·디지털 선도학교'!$I$5:$I$1058,"O") -> 23
A56: 계 | B56: =SUM(B45:B55) -> 497 | C56: =SUM(C45:C55) -> 258 | D56: =SUM(D45:D55) -> 274 | E56: =SUM(E45:E55) -> 25 | F56: =SUM(F45:F55) -> 1054 | G56: =SUM(G45:G55) -> 145
A58: ④ AI 중점학교 운영 유형별
A59: 시도 | B59: 선도형 | C59: 중심형 | D59: 문화확산형 | E59: 기타(시도 자체 분류) | F59: 계
A60: 서울 | B60: =COUNTIFS('AI 중점학교'!$B$5:$B$989,"서울",'AI 중점학교'!$H$5:$H$989,"선도형*") -> 4 | C60: =COUNTIFS('AI 중점학교'!$B$5:$B$989,"서울",'AI 중점학교'!$H$5:$H$989,"중심형") -> 89 | D60: =COUNTIFS('AI 중점학교'!$B$5:$B$989,"서울",'AI 중점학교'!$H$5:$H$989,"문화확산형") -> 89 | E60: =F60-SUM(B60:D60) -> 0 | F60: =COUNTIFS('AI 중점학교'!$B$5:$B$989,"서울") -> 182
A61: 부산 | B61: =COUNTIFS('AI 중점학교'!$B$5:$B$989,"부산",'AI 중점학교'!$H$5:$H$989,"선도형*") -> 7 | C61: =COUNTIFS('AI 중점학교'!$B$5:$B$989,"부산",'AI 중점학교'!$H$5:$H$989,"중심형") -> 10 | D61: =COUNTIFS('AI 중점학교'!$B$5:$B$989,"부산",'AI 중점학교'!$H$5:$H$989,"문화확산형") -> 27 | E61: =F61-SUM(B61:D61) -> 0 | F61: =COUNTIFS('AI 중점학교'!$B$5:$B$989,"부산") -> 44
A62: 대구 | B62: =COUNTIFS('AI 중점학교'!$B$5:$B$989,"대구",'AI 중점학교'!$H$5:$H$989,"선도형*") -> 0 | C62: =COUNTIFS('AI 중점학교'!$B$5:$B$989,"대구",'AI 중점학교'!$H$5:$H$989,"중심형") -> 0 | D62: =COUNTIFS('AI 중점학교'!$B$5:$B$989,"대구",'AI 중점학교'!$H$5:$H$989,"문화확산형") -> 0 | E62: =F62-SUM(B62:D62) -> 60 | F62: =COUNTIFS('AI 중점학교'!$B$5:$B$989,"대구") -> 60
A63: 인천 | B63: =COUNTIFS('AI 중점학교'!$B$5:$B$989,"인천",'AI 중점학교'!$H$5:$H$989,"선도형*") -> 6 | C63: =COUNTIFS('AI 중점학교'!$B$5:$B$989,"인천",'AI 중점학교'!$H$5:$H$989,"중심형") -> 71 | D63: =COUNTIFS('AI 중점학교'!$B$5:$B$989,"인천",'AI 중점학교'!$H$5:$H$989,"문화확산형") -> 30 | E63: =F63-SUM(B63:D63) -> 0 | F63: =COUNTIFS('AI 중점학교'!$B$5:$B$989,"인천") -> 107
A64: 광주 | B64: =COUNTIFS('AI 중점학교'!$B$5:$B$989,"광주",'AI 중점학교'!$H$5:$H$989,"선도형*") -> 0 | C64: =COUNTIFS('AI 중점학교'!$B$5:$B$989,"광주",'AI 중점학교'!$H$5:$H$989,"중심형") -> 0 | D64: =COUNTIFS('AI 중점학교'!$B$5:$B$989,"광주",'AI 중점학교'!$H$5:$H$989,"문화확산형") -> 0 | E64: =F64-SUM(B64:D64) -> 27 | F64: =COUNTIFS('AI 중점학교'!$B$5:$B$989,"광주") -> 27
A65: 대전 | B65: =COUNTIFS('AI 중점학교'!$B$5:$B$989,"대전",'AI 중점학교'!$H$5:$H$989,"선도형*") -> 2 | C65: =COUNTIFS('AI 중점학교'!$B$5:$B$989,"대전",'AI 중점학교'!$H$5:$H$989,"중심형") -> 14 | D65: =COUNTIFS('AI 중점학교'!$B$5:$B$989,"대전",'AI 중점학교'!$H$5:$H$989,"문화확산형") -> 6 | E65: =F65-SUM(B65:D65) -> 0 | F65: =COUNTIFS('AI 중점학교'!$B$5:$B$989,"대전") -> 22
A66: 울산 | B66: =COUNTIFS('AI 중점학교'!$B$5:$B$989,"울산",'AI 중점학교'!$H$5:$H$989,"선도형*") -> 0 | C66: =COUNTIFS('AI 중점학교'!$B$5:$B$989,"울산",'AI 중점학교'!$H$5:$H$989,"중심형") -> 13 | D66: =COUNTIFS('AI 중점학교'!$B$5:$B$989,"울산",'AI 중점학교'!$H$5:$H$989,"문화확산형") -> 3 | E66: =F66-SUM(B66:D66) -> 0 | F66: =COUNTIFS('AI 중점학교'!$B$5:$B$989,"울산") -> 16
A67: 경기 | B67: =COUNTIFS('AI 중점학교'!$B$5:$B$989,"경기",'AI 중점학교'!$H$5:$H$989,"선도형*") -> 3 | C67: =COUNTIFS('AI 중점학교'!$B$5:$B$989,"경기",'AI 중점학교'!$H$5:$H$989,"중심형") -> 99 | D67: =COUNTIFS('AI 중점학교'!$B$5:$B$989,"경기",'AI 중점학교'!$H$5:$H$989,"문화확산형") -> 97 | E67: =F67-SUM(B67:D67) -> 1 | F67: =COUNTIFS('AI 중점학교'!$B$5:$B$989,"경기") -> 200
A68: 충북 | B68: =COUNTIFS('AI 중점학교'!$B$5:$B$989,"충북",'AI 중점학교'!$H$5:$H$989,"선도형*") -> 2 | C68: =COUNTIFS('AI 중점학교'!$B$5:$B$989,"충북",'AI 중점학교'!$H$5:$H$989,"중심형") -> 22 | D68: =COUNTIFS('AI 중점학교'!$B$5:$B$989,"충북",'AI 중점학교'!$H$5:$H$989,"문화확산형") -> 16 | E68: =F68-SUM(B68:D68) -> 0 | F68: =COUNTIFS('AI 중점학교'!$B$5:$B$989,"충북") -> 40
A69: 전북 | B69: =COUNTIFS('AI 중점학교'!$B$5:$B$989,"전북",'AI 중점학교'!$H$5:$H$989,"선도형*") -> 3 | C69: =COUNTIFS('AI 중점학교'!$B$5:$B$989,"전북",'AI 중점학교'!$H$5:$H$989,"중심형") -> 54 | D69: =COUNTIFS('AI 중점학교'!$B$5:$B$989,"전북",'AI 중점학교'!$H$5:$H$989,"문화확산형") -> 24 | E69: =F69-SUM(B69:D69) -> 0 | F69: =COUNTIFS('AI 중점학교'!$B$5:$B$989,"전북") -> 81
A70: 전남 | B70: =COUNTIFS('AI 중점학교'!$B$5:$B$989,"전남",'AI 중점학교'!$H$5:$H$989,"선도형*") -> 12 | C70: =COUNTIFS('AI 중점학교'!$B$5:$B$989,"전남",'AI 중점학교'!$H$5:$H$989,"중심형") -> 50 | D70: =COUNTIFS('AI 중점학교'!$B$5:$B$989,"전남",'AI 중점학교'!$H$5:$H$989,"문화확산형") -> 0 | E70: =F70-SUM(B70:D70) -> 0 | F70: =COUNTIFS('AI 중점학교'!$B$5:$B$989,"전남") -> 62
A71: 경북 | B71: =COUNTIFS('AI 중점학교'!$B$5:$B$989,"경북",'AI 중점학교'!$H$5:$H$989,"선도형*") -> 0 | C71: =COUNTIFS('AI 중점학교'!$B$5:$B$989,"경북",'AI 중점학교'!$H$5:$H$989,"중심형") -> 58 | D71: =COUNTIFS('AI 중점학교'!$B$5:$B$989,"경북",'AI 중점학교'!$H$5:$H$989,"문화확산형") -> 26 | E71: =F71-SUM(B71:D71) -> 0 | F71: =COUNTIFS('AI 중점학교'!$B$5:$B$989,"경북") -> 84
A72: 경남 | B72: =COUNTIFS('AI 중점학교'!$B$5:$B$989,"경남",'AI 중점학교'!$H$5:$H$989,"선도형*") -> 0 | C72: =COUNTIFS('AI 중점학교'!$B$5:$B$989,"경남",'AI 중점학교'!$H$5:$H$989,"중심형") -> 0 | D72: =COUNTIFS('AI 중점학교'!$B$5:$B$989,"경남",'AI 중점학교'!$H$5:$H$989,"문화확산형") -> 0 | E72: =F72-SUM(B72:D72) -> 49 | F72: =COUNTIFS('AI 중점학교'!$B$5:$B$989,"경남") -> 49
A73: 제주 | B73: =COUNTIFS('AI 중점학교'!$B$5:$B$989,"제주",'AI 중점학교'!$H$5:$H$989,"선도형*") -> 1 | C73: =COUNTIFS('AI 중점학교'!$B$5:$B$989,"제주",'AI 중점학교'!$H$5:$H$989,"중심형") -> 3 | D73: =COUNTIFS('AI 중점학교'!$B$5:$B$989,"제주",'AI 중점학교'!$H$5:$H$989,"문화확산형") -> 7 | E73: =F73-SUM(B73:D73) -> 0 | F73: =COUNTIFS('AI 중점학교'!$B$5:$B$989,"제주") -> 11
A74: 계 | B74: =SUM(B60:B73) -> 40 | C74: =SUM(C60:C73) -> 483 | D74: =SUM(D60:D73) -> 325 | E74: =SUM(E60:E73) -> 137 | F74: =SUM(F60:F73) -> 985
A76: ⑤ 영업 진행 현황 (명단 탭 진행상태·030 가입 입력 시 자동 집계)
A77: 사업 | B77: 미접촉 | C77: 접촉 | D77: 제안 | E77: 협의중 | F77: 계약 | G77: 보류 | H77: 030 가입
A78: AI 중점학교 | B78: =COUNTIFS('AI 중점학교'!$Q$5:$Q$989,"미접촉") -> 0 | C78: =COUNTIFS('AI 중점학교'!$Q$5:$Q$989,"접촉") -> 0 | D78: =COUNTIFS('AI 중점학교'!$Q$5:$Q$989,"제안") -> 0 | E78: =COUNTIFS('AI 중점학교'!$Q$5:$Q$989,"협의중") -> 0 | F78: =COUNTIFS('AI 중점학교'!$Q$5:$Q$989,"계약") -> 0 | G78: =COUNTIFS('AI 중점학교'!$Q$5:$Q$989,"보류") -> 0 | H78: =COUNTIFS('AI 중점학교'!$R$5:$R$989,"가입") -> 0
A79: AI·디지털 선도학교 | B79: =COUNTIFS('AI·디지털 선도학교'!$Q$5:$Q$1058,"미접촉") -> 0 | C79: =COUNTIFS('AI·디지털 선도학교'!$Q$5:$Q$1058,"접촉") -> 0 | D79: =COUNTIFS('AI·디지털 선도학교'!$Q$5:$Q$1058,"제안") -> 0 | E79: =COUNTIFS('AI·디지털 선도학교'!$Q$5:$Q$1058,"협의중") -> 0 | F79: =COUNTIFS('AI·디지털 선도학교'!$Q$5:$Q$1058,"계약") -> 0 | G79: =COUNTIFS('AI·디지털 선도학교'!$Q$5:$Q$1058,"보류") -> 0 | H79: =COUNTIFS('AI·디지털 선도학교'!$R$5:$R$1058,"가입") -> 0
A81: 참고
A82: · AI 중점학교: 교육부 지정(2026~), 교육부 발표 전국 1,141교. 시도교육청이 명단을 공개한 14개 시도분만 수록(세종·강원·충남 미공개).
A83: · AI·디지털 활용 선도학교: 시도교육청 선정·공개분 11개 시도 수록. 경기(350교)·제주(50교)는 선정 수만 발표, 명단 미공개.
A84: · 학교명은 나이스 현재 교명으로 통일(명단상 교명과 다른 경우 메모 칸에 원 교명 표기). 같은 학교가 두 사업에 모두 선정된 경우 "겸임" 칸에 O.
A85: · 광주·전남: 2026 통합에 따라 나이스 주소가 "전남광주통합특별시"로 표기됨(관할청은 광주동부·광주서부 등).
A86: · 연락처·주소: 나이스 교육정보 개방포털 학교기본정보(2026.10 조회). 대표번호·홈페이지는 학교 사정에 따라 변경될 수 있음.
A87: · 학생·교원수 칸은 비어 있음(학교알리미 공시 기준으로 추가 입력 예정).

Sheet AI 중점학교
A1: 2026 AI 중점학교 명단 — 전국(공개 시도)
A2: 출처: 각 시도교육청 누리집 공개 선정 명단(2026) / 연락처·주소: 나이스 교육정보 개방포털 학교기본정보 / 주황색 머리글(노란 칸)은 영업 관리용 입력 칸. 학생·교원수는 추후 학교알리미 기준 입력.
A4: No | B4: 시도 | C4: 관할 교육지원청 | D4: 시군구 | E4: 학교급 | F4: 설립 | G4: 학교명 | H4: 운영 유형 | I4: 디지털 선도학교 겸임 | J4: 대표전화 | K4: 홈페이지 | L4: 주소 | M4: 학생수 | N4: 교원수 | O4: 영업 담당자 | P4: 최근 연락일 | Q4: 진행상태 | R4: 030 단체 가입 | S4: 메모
A5: 1 | B5: 서울 | C5: 강남서초교육지원청 | D5: 강남구 | E5: 초 | F5: 공립 | G5: 서울개원초등학교 | H5: 문화확산형 | J5: 02-2138-1940 | K5: http://gaewon.sen.es.kr | L5: 서울특별시 강남구 선릉로 29
A6: 2 | B6: 서울 | C6: 강남서초교육지원청 | D6: 강남구 | E6: 초 | F6: 공립 | G6: 서울개일초등학교 | H6: 문화확산형 | J6: 02-571-8320 | K6: http://gaeil.sen.es.kr | L6: 서울특별시 강남구 개포로 401
A7: 3 | B7: 서울 | C7: 강남서초교육지원청 | D7: 강남구 | E7: 초 | F7: 공립 | G7: 서울구룡초등학교 | H7: 문화확산형 | J7: 02-573-5017 | K7: http://kuryong.sen.es.kr | L7: 서울특별시 강남구 개포로 263
A8: 4 | B8: 서울 | C8: 강남서초교육지원청 | D8: 강남구 | E8: 초 | F8: 공립 | G8: 서울삼릉초등학교 | H8: 문화확산형 | J8: 02-545-4502 | K8: http://srng.sen.es.kr | L8: 서울특별시 강남구 봉은사로63길 22
A9: 5 | B9: 서울 | C9: 강남서초교육지원청 | D9: 강남구 | E9: 중 | F9: 공립 | G9: 개포중학교 | H9: 중심형 | J9: 02-2138-1631 | K9: http://gaepo.sen.ms.kr | L9: 서울특별시 강남구 선릉로 9
A10: 6 | B10: 서울 | C10: 강남서초교육지원청 | D10: 강남구 | E10: 중 | F10: 공립 | G10: 청담중학교 | H10: 문화확산형 | J10: 02-511-5151 | K10: http://cheongdam.sen.ms.kr | L10: 서울특별시 강남구 압구정로61길 36
A11: 7 | B11: 서울 | C11: 강남서초교육지원청 | D11: 강남구 | E11: 중 | F11: 사립 | G11: 휘문중학교 | H11: 문화확산형 | J11: 02-500-9700 | K11: http://whimoon.sen.ms.kr | L11: 서울특별시 강남구 역삼로 541
A12: 8 | B12: 서울 | C12: 강남서초교육지원청 | D12: 서초구 | E12: 초 | F12: 공립 | G12: 서울방일초등학교 | H12: 중심형 | J12: 02-3472-5142 | K12: http://bangil.sen.es.kr | L12: 서울특별시 서초구 방배로18길 52
A13: 9 | B13: 서울 | C13: 강남서초교육지원청 | D13: 서초구 | E13: 초 | F13: 공립 | G13: 서울서이초등학교 | H13: 문화확산형 | J13: 02-3474-7021 | K13: http://seoi.sen.es.kr | L13: 서울특별시 서초구 서운로 35
A14: 10 | B14: 서울 | C14: 강남서초교육지원청 | D14: 서초구 | E14: 초 | F14: 공립 | G14: 서울양재초등학교 | H14: 문화확산형 | J14: 02-573-4432 | K14: http://yangjae.sen.es.kr | L14: 서울특별시 서초구 바우뫼로18길 14
A15: 11 | B15: 서울 | C15: 강남서초교육지원청 | D15: 서초구 | E15: 초 | F15: 공립 | G15: 서울원촌초등학교 | H15: 중심형 | J15: 02-536-0816 | K15: http://wonchon.sen.es.kr | L15: 서울특별시 서초구 사평대로45길 26
A16: 12 | B16: 서울 | C16: 강남서초교육지원청 | D16: 서초구 | E16: 중 | F16: 공립 | G16: 내곡중학교 | H16: 중심형 | J16: 02-571-9532 | K16: http://naegok.sen.ms.kr | L16: 서울특별시 서초구 청계산로7길 9-20
... A187: 183 | B187: 부산 | C187: 교육청 직속 | D187: 강서구 | E187: 특수/기타 | F187: 공립 | G187: 부산한솔학교 | H187: 문화확산형 | J187: 051-260-2800 | K187: http://hansol.sc.kr | L187: 부산광역시 강서구 명지오션시티2로 86
A188: 184 | B188: 부산 | C188: 교육청 직속 | D188: 금정구 | E188: 고 | F188: 사립 | G188: 대진전자통신고등학교 | H188: 선도형 | I188: O | J188: 051-582-8100 | K188: http://www.pdj.hs.kr | L188: 부산광역시 금정구 수림로 92
A189: 185 | B189: 부산 | C189: 교육청 직속 | D189: 금정구 | E189: 특수/기타 | F189: 사립 | G189: 부산은애학교 | H189: 문화확산형 | I189: O | J189: 051-508-0606 | K189: http://school.busanedu.net | L189: 부산광역시 금정구 청룡예전로 107
A190: 186 | B190: 부산 | C190: 교육청 직속 | D190: 기장군 | E190: 특수/기타 | F190: 사립 | G190: 부산성우학교 | H190: 문화확산형 | I190: O | J190: 051-911-1000 | K190: http://sungwoo.sc.kr | L190: 부산광역시 기장군 장안읍 대룡2길 45
A191: 187 | B191: 부산 | C191: 교육청 직속 | D191: 기장군 | E191: 특수/기타 | F191: 공립 | G191: 부산해마루학교 | H191: 문화확산형 | I191: O | J191: 051-720-0000 | K191: http://haemaru.sc.kr | L191: 부산광역시 기장군 정관읍 모전로 23
A192: 188 | B192: 부산 | C192: 교육청 직속 | D192: 남구 | E192: 고 | F192: 사립 | G192: 대양고등학교 | H192: 문화확산형 | J192: 051-640-0580 | K192: http://www.daeyang.hs.kr | L192: 부산광역시 남구 지게골로 128-27
A193: 189 | B193: 부산 | C193: 교육청 직속 | D193: 남구 | E193: 고 | F193: 사립 | G193: 배정고등학교 | H193: 문화확산형 | J193: 051-632-4743 | K193: http://baejeong.hs.kr | L193: 부산광역시 남구 장고개로85번길 14-16
A194: 190 | B194: 부산 | C194: 교육청 직속 | D194: 남구 | E194: 고 | F194: 사립 | G194: 한얼고등학교 | H194: 중심형 | J194: 051-637-5101 | K194: http://haneol.hs.kr | L194: 부산광역시 남구 고동골로69번가길 54
A195: 191 | B195: 부산 | C195: 교육청 직속 | D195: 동구 | E195: 고 | F195: 사립 | G195: 부산컴퓨터과학고등학교 | H195: 선도형 | I195: O | J195: 051-460-0500 | K195: http://www.pcs.hs.kr | L195: 부산광역시 동구 초량로80번길 5
A196: 192 | B196: 부산 | C196: 교육청 직속 | D196: 부산진구 | E196: 고 | F196: 공립 | G196: 개금고등학교 | H196: 중심형 | J196: 051-890-5600 | K196: http://kaekeum.hs.kr | L196: 부산광역시 부산진구 백양대로208번길 71
A197: 193 | B197: 부산 | C197: 교육청 직속 | D197: 부산진구 | E197: 고 | F197: 사립 | G197: 부산동성고등학교 | H197: 선도형 | I197: O | J197: 051-802-4631 | K197: http://school.busanedu.net/psdongsung-h | L197: 부산광역시 부산진구 동성로 16
A198: 194 | B198: 부산 | C198: 교육청 직속 | D198: 부산진구 | E198: 고 | F198: 사립 | G198: 부산마케팅고등학교 | H198: 문화확산형 | I198: O | J198: 051-803-1264 | K198: http://www.marketing.hs.kr | L198: 부산광역시 부산진구 봉수로 13
A199: 195 | B199: 부산 | C199: 교육청 직속 | D199: 북구 | E199: 고 | F199: 공립 | G199: 금곡고등학교 | H199: 중심형 | J199: 051-330-2100 | K199: http://www.geumgok.hs.kr | L199: 부산광역시 북구 화명신도시로 236
A200: 196 | B200: 부산 | C200: 교육청 직속 | D200: 북구 | E200: 고 | F200: 사립 | G200: 삼정고등학교 | H200: 중심형 | J200: 051-361-9802 | K200: http://www.sj.hs.kr | L200: 부산광역시 북구 시랑로118번길 53
A201: 197 | B201: 부산 | C201: 교육청 직속 | D201: 북구 | E201: 고 | F201: 사립 | G201: 성도고등학교 | H201: 중심형 | J201: 051-332-0601 | K201: http://www.sungdo.hs.kr | L201: 부산광역시 북구 시랑로132번길 87
A202: 198 | B202: 부산 | C202: 교육청 직속 | D202: 사하구 | E202: 고 | F202: 사립 | G202: 대동고등학교 | H202: 문화확산형 | I202: O | J202: 051-292-1697 | K202: http://www.ddhs.hs.kr | L202: 부산광역시 사하구 을숙도대로709번길 27
A203: 199 | B203: 부산 | C203: 교육청 직속 | D203: 사하구 | E203: 고 | F203: 사립 | G203: 동아고등학교 | H203: 문화확산형 | I203: O | J203: 051-290-5000 | K203: http://dong-a.hs.kr | L203: 부산광역시 사하구 괴정로244번길 63
A204: 200 | B204: 부산 | C204: 교육청 직속 | D204: 사하구 | E204: 고 | F204: 공립 | G204: 부산일과학고등학교 | H204: 선도형 | J204: 051-290-6800 | K204: http://bsis.hs.kr | L204: 부산광역시 사하구 제석로 242
A205: 201 | B205: 부산 | C205: 교육청 직속 | D205: 사하구 | E205: 고 | F205: 사립 | G205: 부일전자디자인고등학교 | H205: 문화확산형 | J205: 051-208-7401 | K205: http://www.buil.hs.kr | L205: 부산광역시 사하구 감천로73번길 36
A206: 202 | B206: 부산 | C206: 교육청 직속 | D206: 연제구 | E206: 고 | F206: 사립 | G206: 이사벨고등학교 | H206: 선도형 | I206: O | J206: 051-590-2150 | K206: http://www.isabelle.hs.kr | L206: 부산광역시 연제구 중앙대로 1197
A207: 203 | B207: 부산 | C207: 교육청 직속 | D207: 영도구 | E207: 고 | F207: 사립 | G207: 부산보건고등학교 | H207: 중심형 | I207: O | J207: 051-418-9254 | K207: http://busanhc.com | L207: 부산광역시 영도구 절영로 163
A208: 204 | B208: 부산 | C208: 남부교육지원청 | D208: 부산진구 | E208: 중 | F208: 사립 | G208: 항도중학교 | H208: 중심형 | I208: O | J208: 051-809-1910 | K208: http://www.hangdo.ms.kr | L208: 부산광역시 부산진구 동성로118번길 44
A209: 205 | B209: 부산 | C209: 동래교육지원청 | D209: 금정구 | E209: 중 | F209: 공립 | G209: 금양중학교 | H209: 문화확산형 | J209: 051-580-0600 | K209: http://geumyang.ms.kr | L209: 부산광역시 금정구 기찰로22번길 37
A210: 206 | B210: 부산 | C210: 동래교육지원청 | D210: 동래구 | E210: 초 | F210: 공립 | G210: 명서초등학교 | H210: 문화확산형 | I210: O | J210: 051-524-7837 | K210: http://www.myongseo.es.kr | L210: 부산광역시 동래구 명서로 121
A211: 207 | B211: 부산 | C211: 동래교육지원청 | D211: 동래구 | E211: 중 | F211: 공립 | G211: 사직중학교 | H211: 문화확산형 | J211: 051-501-2561 | K211: http://sajik.ms.kr | L211: 부산광역시 동래구 쇠미로51번길 30
A212: 208 | B212: 부산 | C212: 북부교육지원청 | D212: 강서구 | E212: 초 | F212: 공립 | G212: 명문초등학교 | H212: 문화확산형 | I212: O | J212: 051-710-2114 | K212: http://myeongmun.es.kr | L212: 부산광역시 강서구 명지국제8로 195
A213: 209 | B213: 부산 | C213: 북부교육지원청 | D213: 북구 | E213: 초 | F213: 공립 | G213: 명진초등학교 | H213: 문화확산형 | I213: O | J213: 051-330-4700 | K213: http://myungjin.es.kr | L213: 부산광역시 북구 화명신도시로 159
A214: 210 | B214: 부산 | C214: 북부교육지원청 | D214: 북구 | E214: 초 | F214: 공립 | G214: 학사초등학교 | H214: 선도형 | I214: O | J214: 051-330-4401 | K214: http://school.busanedu.net/haksa-e | L214: 부산광역시 북구 용당로15번길 20
A215: 211 | B215: 부산 | C215: 북부교육지원청 | D215: 북구 | E215: 초 | F215: 공립 | G215: 화정초등학교 | H215: 중심형 | I215: O | J215: 051-330-4100 | K215: http://www.bshj.es.kr | L215: 부산광역시 북구 의성로 23
A216: 212 | B216: 부산 | C216: 북부교육지원청 | D216: 사상구 | E216: 초 | F216: 공립 | G216: 주감초등학교 | H216: 중심형 | I216: O | J216: 051-320-3900 | K216: http://www.jugam.es.kr | L216: 부산광역시 사상구 양지로 48
A217: 213 | B217: 부산 | C217: 서부교육지원청 | D217: 사하구 | E217: 초 | F217: 공립 | G217: 다대초등학교 | H217: 문화확산형 | J217: 051-263-0881 | K217: http://dadae.es.kr | L217: 부산광역시 사하구 다대로 499
A218: 214 | B218: 부산 | C218: 서부교육지원청 | D218: 서구 | E218: 초 | F218: 공립 | G218: 천마초등학교 | H218: 문화확산형 | J218: 051-250-6701 | K218: http://www.chunma.es.kr | L218: 부산광역시 서구 천해로7번길 38
A219: 215 | B219: 부산 | C219: 서부교육지원청 | D219: 서구 | E219: 초 | F219: 공립 | G219: 토성초등학교 | H219: 중심형 | I219: O | J219: 051-250-0800 | K219: http://toseong.es.kr | L219: 부산광역시 서구 구덕로134번길 45
A220: 216 | B220: 부산 | C220: 서부교육지원청 | D220: 영도구 | E220: 초 | F220: 공립 | G220: 상리초등학교 | H220: 문화확산형 | I220: O | J220: 051-719-5800 | K220: http://ses.es.kr | L220: 부산광역시 영도구 상리로 38
A221: 217 | B221: 부산 | C221: 해운대교육지원청 | D221: 기장군 | E221: 초 | F221: 공립 | G221: 달산초등학교 | H221: 선도형 | I221: O | J221: 051-750-9900 | K221: http://bsdalsan.es.kr | L221: 부산광역시 기장군 정관읍 정관로 674
A222: 218 | B222: 부산 | C222: 해운대교육지원청 | D222: 기장군 | E222: 초 | F222: 공립 | G222: 대청초등학교 | H222: 문화확산형 | I222: O | J222: 051-723-0923 | K222: http://www.daechung.es.kr | L222: 부산광역시 기장군 기장읍 차성서로 31
A223: 219 | B223: 부산 | C223: 해운대교육지원청 | D223: 기장군 | E223: 초 | F223: 공립 | G223: 신정초등학교 | H223: 문화확산형 | I223: O | J223: 051-745-3500 | K223: http://sinjeong.kr | L223: 부산광역시 기장군 정관읍 정관로 460
A224: 220 | B224: 부산 | C224: 해운대교육지원청 | D224: 기장군 | E224: 초 | F224: 공립 | G224: 좌천초등학교 | H224: 문화확산형 | J224: 051-720-4101 | K224: http://www.jwacheon.es.kr | L224: 부산광역시 기장군 장안읍 좌천로 13-66
A225: 221 | B225: 부산 | C225: 해운대교육지원청 | D225: 기장군 | E225: 초 | F225: 공립 | G225: 해빛초등학교 | H225: 문화확산형 | I225: O | J225: 051-790-8300 | K225: http://haebit.es.kr | L225: 부산광역시 기장군 일광읍 해빛6로 9
A226: 222 | B226: 부산 | C226: 해운대교육지원청 | D226: 수영구 | E226: 초 | F226: 공립 | G226: 민락초등학교 | H226: 문화확산형 | J226: 051-752-8694 | K226: http://minlak.es.kr | L226: 부산광역시 수영구 광남로257번길 12
A227: 223 | B227: 부산 | C227: 해운대교육지원청 | D227: 수영구 | E227: 초 | F227: 공립 | G227: 배산초등학교 | H227: 문화확산형 | J227: 051-754-5930 | K227: http://www.baesan.es.kr | L227: 부산광역시 수영구 망미배산로48번길 85-15
A228: 224 | B228: 부산 | C228: 해운대교육지원청 | D228: 수영구 | E228: 중 | F228: 사립 | G228: 동아중학교 | H228: 문화확산형 | J228: 051-792-1000 | K228: http://school.busanedu.net/dong-a-m | L228: 부산광역시 수영구 호암로 55
A229: 225 | B229: 부산 | C229: 해운대교육지원청 | D229: 해운대구 | E229: 초 | F229: 공립 | G229: 삼어초등학교 | H229: 문화확산형 | I229: O | J229: 051-520-6500 | K229: http://sameo.es.kr | L229: 부산광역시 해운대구 삼어로91번길 73
A230: 226 | B230: 부산 | C230: 해운대교육지원청 | D230: 해운대구 | E230: 초 | F230: 공립 | G230: 좌산초등학교 | H230: 문화확산형 | J230: 051-709-1700 | K230: http://www.jwasan.es.kr | L230: 부산광역시 해운대구 좌동순환로311번길 7
A231: 227 | B231: 대구 | C231: 교육청 직속 | D231: 남구 | E231: 고 | F231: 공립 | G231: 대구고등학교 | H231: 유형3(AI융합교육 중점고) | J231: 053-231-4145 | K231: http://daegu.dge.hs.kr | L231: 대구광역시 남구 중앙대로 171
A232: 228 | B232: 대구 | C232: 교육청 직속 | D232: 달서구 | E232: 고 | F232: 사립 | G232: 대건고등학교 | H232: 유형3(AI융합교육 중점고) | I232: O | J232: 053-235-4600 | K232: http://daegun.dge.hs.kr | L232: 대구광역시 달서구 월곡로94길 46
A233: 229 | B233: 대구 | C233: 교육청 직속 | D233: 달서구 | E233: 고 | F233: 공립 | G233: 대구상원고등학교 | H233: 유형3(AI융합교육 중점고) | J233: 053-231-6062 | K233: http://daesang.dge.hs.kr | L233: 대구광역시 달서구 월배로 241
A234: 230 | B234: 대구 | C234: 교육청 직속 | D234: 달서구 | E234: 고 | F234: 공립 | G234: 와룡고등학교 | H234: 유형3(AI융합교육 중점고) | J234: 053-231-5030 | K234: http://waryong.dge.hs.kr | L234: 대구광역시 달서구 선원로23북길 20
A235: 231 | B235: 대구 | C235: 교육청 직속 | D235: 달성군 | E235: 고 | F235: 공립 | G235: 화원고등학교 | H235: 유형3(AI융합교육 중점고) | J235: 053-231-5462 | K235: http://hwawon.dge.hs.kr | L235: 대구광역시 달성군 화원읍 비슬로 2458
A236: 232 | B236: 대구 | C236: 교육청 직속 | D236: 북구 | E236: 고 | F236: 공립 | G236: 매천고등학교 | H236: 유형3(AI융합교육 중점고) | J236: 053-231-6700 | K236: http://maecheon.dge.hs.kr | L236: 대구광역시 북구 매전로 70
A237: 233 | B237: 대구 | C237: 교육청 직속 | D237: 수성구 | E237: 고 | F237: 사립 | G237: 대구중앙고등학교 | H237: 유형3(AI융합교육 중점고) | J237: 053-231-1900 | K237: http://ja.hs.kr | L237: 대구광역시 수성구 신천동로 496
A238: 234 | B238: 대구 | C238: 군위교육지원청 | D238: 군위군 | E238: 초 | F238: 공립 | G238: 대구군위초등학교 | H238: 유형1(AI교육활동 모델교) | I238: O | J238: 054-380-4333 | K238: http://gunwi.dge.es.kr | L238: 대구광역시 군위군 군위읍 동서5길 28
A239: 235 | B239: 대구 | C239: 남부교육지원청 | D239: 남구 | E239: 초 | F239: 공립 | G239: 대구남명초등학교 | H239: 유형1(AI교육활동 모델교) | J239: 053-234-1940 | K239: http://nammyeong.dge.es.kr | L239: 대구광역시 남구 큰골4길 41
A240: 236 | B240: 대구 | C240: 남부교육지원청 | D240: 남구 | E240: 중 | F240: 사립 | G240: 경일여자중학교 | H240: 유형2(SW-AI교육 중점중) | I240: O | J240: 053-234-9194 | K240: http://gi.dge.ms.kr | L240: 대구광역시 남구 효성로 37
A241: 237 | B241: 대구 | C241: 남부교육지원청 | D241: 남구 | E241: 중 | F241: 사립 | G241: 협성경복중학교 | H241: 유형2(SW-AI교육 중점중) | J241: 053-234-8444 | K241: http://www.hyupsungkyungbok.dge.ms.kr | L241: 대구광역시 남구 효성로 33
A242: 238 | B242: 대구 | C242: 남부교육지원청 | D242: 달서구 | E242: 초 | F242: 공립 | G242: 대구도원초등학교 | H242: 유형1(AI교육활동 모델교) | J242: 053-234-3540 | K242: http://dgdowon.dge.es.kr | L242: 대구광역시 달서구 도원남로 100-30
A243: 239 | B243: 대구 | C243: 남부교육지원청 | D243: 달서구 | E243: 초 | F243: 공립 | G243: 대구본리초등학교 | H243: 유형1(AI교육활동 모델교) | J243: 053-234-1203 | K243: http://bonri.dge.es.kr | L243: 대구광역시 달서구 장기로 198
A244: 240 | B244: 대구 | C244: 남부교육지원청 | D244: 달서구 | E244: 초 | F244: 공립 | G244: 대구월서초등학교 | H244: 유형1(AI교육활동 모델교) | J244: 053-234-4706 | K244: http://wolseo.dge.es.kr | L244: 대구광역시 달서구 월배로39길 46
A245: 241 | B245: 대구 | C245: 남부교육지원청 | D245: 달서구 | E245: 초 | F245: 공립 | G245: 대구월암초등학교 | H245: 유형1(AI교육활동 모델교) | J245: 053-234-5200 | K245: http://wolam.dge.es.kr | L245: 대구광역시 달서구 조암로6길 55
A246: 242 | B246: 대구 | C246: 남부교육지원청 | D246: 달서구 | E246: 중 | F246: 사립 | G246: 경암중학교 | H246: 유형2(SW-AI교육 중점중) | I246: O | J246: 053-234-9100 | K246: http://ka.dge.ms.kr | L246: 대구광역시 달서구 당산로30길 20
A247: 243 | B247: 대구 | C247: 남부교육지원청 | D247: 달서구 | E247: 중 | F247: 사립 | G247: 대건중학교 | H247: 유형2(SW-AI교육 중점중) | J247: 053-234-8808 | K247: http://daegun.dge.ms.kr | L247: 대구광역시 달서구 월곡로94길 46
A248: 244 | B248: 대구 | C248: 남부교육지원청 | D248: 달서구 | E248: 중 | F248: 공립 | G248: 대곡중학교 | H248: 유형2(SW-AI교육 중점중) | J248: 053-234-6805 | K248: http://www.daegok.dge.ms.kr | L248: 대구광역시 달서구 도원남로 5
A249: 245 | B249: 대구 | C249: 남부교육지원청 | D249: 달서구 | E249: 중 | F249: 공립 | G249: 대서중학교 | H249: 유형2(SW-AI교육 중점중) | J249: 053-234-6368 | K249: http://daeseo.dge.ms.kr | L249: 대구광역시 달서구 월배로 303
A250: 246 | B250: 대구 | C250: 남부교육지원청 | D250: 달서구 | E250: 중 | F250: 공립 | G250: 대진중학교 | H250: 유형2(SW-AI교육 중점중) | J250: 053-234-8047 | K250: http://daejin.dge.ms.kr | L250: 대구광역시 달서구 화암로73길 7
A251: 247 | B251: 대구 | C251: 남부교육지원청 | D251: 달서구 | E251: 중 | F251: 공립 | G251: 상원중학교 | H251: 유형2(SW-AI교육 중점중) | J251: 053-234-7761 | K251: http://sangwon.dge.ms.kr | L251: 대구광역시 달서구 상인로 117
A252: 248 | B252: 대구 | C252: 남부교육지원청 | D252: 달서구 | E252: 중 | F252: 공립 | G252: 성곡중학교 | H252: 유형2(SW-AI교육 중점중) | J252: 053-234-8000 | K252: http://seonggok.dge.ms.kr | L252: 대구광역시 달서구 새방로 32
A253: 249 | B253: 대구 | C253: 남부교육지원청 | D253: 달서구 | E253: 중 | F253: 사립 | G253: 송현여자중학교 | H253: 유형2(SW-AI교육 중점중) | I253: O | J253: 053-234-9300 | K253: http://songhyun.dge.ms.kr | L253: 대구광역시 달서구 송현로 156
A254: 250 | B254: 대구 | C254: 남부교육지원청 | D254: 달서구 | E254: 중 | F254: 공립 | G254: 월배중학교 | H254: 유형2(SW-AI교육 중점중) | J254: 053-234-7591 | K254: http://wolbae.dge.ms.kr | L254: 대구광역시 달서구 월배로28길 80
A255: 251 | B255: 대구 | C255: 남부교육지원청 | D255: 달서구 | E255: 중 | F255: 공립 | G255: 월암중학교 | H255: 유형2(SW-AI교육 중점중) | J255: 053-234-8280 | K255: http://wolam.dge.ms.kr | L255: 대구광역시 달서구 조암로6길 33
A256: 252 | B256: 대구 | C256: 달성교육지원청 | D256: 달성군 | E256: 초 | F256: 공립 | G256: 대구다사초등학교 | H256: 유형1(AI교육활동 모델교) | J256: 053-235-0805 | K256: http://www.dasa.dge.es.kr | L256: 대구광역시 달성군 다사읍 다사로 86
A257: 253 | B257: 대구 | C257: 달성교육지원청 | D257: 달성군 | E257: 초 | F257: 공립 | G257: 대구동곡초등학교 | H257: 유형1(AI교육활동 모델교) | I257: O | J257: 053-235-0777 | K257: http://donggok.dge.es.kr | L257: 대구광역시 달성군 하빈면 달구벌대로55길 104-4
A258: 254 | B258: 대구 | C258: 달성교육지원청 | D258: 달성군 | E258: 초 | F258: 공립 | G258: 대구북동초등학교 | H258: 유형1(AI교육활동 모델교) | J258: 053-235-0493 | K258: http://bukdong.dge.es.kr | L258: 대구광역시 달성군 논공읍 논공로11길 18
A259: 255 | B259: 대구 | C259: 달성교육지원청 | D259: 달성군 | E259: 초 | F259: 공립 | G259: 대구용계초등학교 | H259: 유형1(AI교육활동 모델교) | I259: O | J259: 053-235-1055 | K259: http://yonggye.dge.es.kr | L259: 대구광역시 달성군 가창면 가창로221길 1
A260: 256 | B260: 대구 | C260: 달성교육지원청 | D260: 달성군 | E260: 초 | F260: 공립 | G260: 대구유가초등학교 | H260: 유형1(AI교육활동 모델교) | J260: 053-235-2578 | K260: http://yuga.dge.es.kr | L260: 대구광역시 달성군 유가읍 테크노대로5길 34
A261: 257 | B261: 대구 | C261: 달성교육지원청 | D261: 달성군 | E261: 중 | F261: 공립 | G261: 다사중학교 | H261: 유형2(SW-AI교육 중점중) | J261: 053-235-3200 | K261: http://dasa.dge.ms.kr | L261: 대구광역시 달성군 다사읍 매곡로2길 8-5
A262: 258 | B262: 대구 | C262: 달성교육지원청 | D262: 달성군 | E262: 중 | F262: 사립 | G262: 달서중학교 | H262: 유형2(SW-AI교육 중점중) | I262: O | J262: 053-235-3900 | K262: http://dalseo.dge.ms.kr | L262: 대구광역시 달성군 하빈면 하빈로 118
A263: 259 | B263: 대구 | C263: 달성교육지원청 | D263: 달성군 | E263: 중 | F263: 사립 | G263: 현풍중학교 | H263: 유형2(SW-AI교육 중점중) | J263: 053-235-3963 | K263: http://hyeonpung.dge.ms.kr | L263: 대구광역시 달성군 현풍읍 비슬로 675
A264: 260 | B264: 대구 | C264: 동부교육지원청 | D264: 동구 | E264: 초 | F264: 공립 | G264: 대구동신초등학교 | H264: 유형1(AI교육활동 모델교) | I264: O | J264: 053-232-1703 | K264: http://dongshin.dge.es.kr | L264: 대구광역시 동구 송라로 123
A265: 261 | B265: 대구 | C265: 동부교육지원청 | D265: 동구 | E265: 초 | F265: 공립 | G265: 대구팔공초등학교 | H265: 유형1(AI교육활동 모델교) | I265: O | J265: 053-233-5270 | K265: http://www.palgong.es.kr | L265: 대구광역시 동구 연경지묘로 150
A266: 262 | B266: 대구 | C266: 동부교육지원청 | D266: 동구 | E266: 중 | F266: 공립 | G266: 동촌중학교 | H266: 유형2(SW-AI교육 중점중) | J266: 053-232-6164 | K266: http://dongchon.dge.ms.kr | L266: 대구광역시 동구 동촌로 176
A267: 263 | B267: 대구 | C267: 동부교육지원청 | D267: 수성구 | E267: 초 | F267: 공립 | G267: 대구경동초등학교 | H267: 유형1(AI교육활동 모델교) | I267: O | J267: 053-232-3000 | K267: http://gyeongdong.dge.es.kr | L267: 대구광역시 수성구 청호로76길 12
A268: 264 | B268: 대구 | C268: 동부교육지원청 | D268: 수성구 | E268: 초 | F268: 공립 | G268: 대구들안길초등학교 | H268: 유형1(AI교육활동 모델교) | J268: 053-232-5582 | K268: http://deulangil.dge.es.kr | L268: 대구광역시 수성구 들안로16길 58
A269: 265 | B269: 대구 | C269: 동부교육지원청 | D269: 수성구 | E269: 중 | F269: 사립 | G269: 대륜중학교 | H269: 유형2(SW-AI교육 중점중) | I269: O | J269: 053-232-8380 | K269: http://www.daeryun.dge.ms.kr | L269: 대구광역시 수성구 달구벌대로 2700
A270: 266 | B270: 대구 | C270: 동부교육지원청 | D270: 수성구 | E270: 중 | F270: 사립 | G270: 덕원중학교 | H270: 유형2(SW-AI교육 중점중) | I270: O | J270: 053-232-8560 | K270: http://dukwon.dge.ms.kr | L270: 대구광역시 수성구 욱수길 37
A271: 267 | B271: 대구 | C271: 동부교육지원청 | D271: 수성구 | E271: 중 | F271: 공립 | G271: 덕화중학교 | H271: 유형2(SW-AI교육 중점중) | I271: O | J271: 053-232-7786 | K271: http://dukhwa.dge.ms.kr | L271: 대구광역시 수성구 들안로9길 36
...

Sheet AI·디지털 선도학교
A1: 2026 AI·디지털 활용 선도학교 명단 — 전국(공개 시도)
A2: 출처: 각 시도교육청 누리집 공개 선정 명단(2026) / 연락처·주소: 나이스 교육정보 개방포털 학교기본정보 / 주황색 머리글(노란 칸)은 영업 관리용 입력 칸. 학생·교원수는 추후 학교알리미 기준 입력.
A4: No | B4: 시도 | C4: 관할 교육지원청 | D4: 시군구 | E4: 학교급 | F4: 설립 | G4: 학교명 | H4: 운영 유형 | I4: AI 중점학교 겸임 | J4: 대표전화 | K4: 홈페이지 | L4: 주소 | M4: 학생수 | N4: 교원수 | O4: 영업 담당자 | P4: 최근 연락일 | Q4: 진행상태 | R4: 030 단체 가입 | S4: 메모
A5: 1 | B5: 서울 | E5: 고 | G5: 화곡보건경영고등학교 | H5: 선도학교 | S5: 나이스 미매칭 – 교명 확인 필요
A6: 2 | B6: 서울 | C6: 강남서초교육지원청 | D6: 강남구 | E6: 초 | F6: 공립 | G6: 서울개현초등학교 | H6: 선도학교 | J6: 02-2138-1937 | K6: http://gaehyeon.sen.es.kr | L6: 서울특별시 강남구 선릉로 15
A7: 3 | B7: 서울 | C7: 강남서초교육지원청 | D7: 강남구 | E7: 초 | F7: 공립 | G7: 서울대곡초등학교 | H7: 선도학교 | J7: 02-565-1942 | K7: http://seouldaegok.sen.es.kr | L7: 서울특별시 강남구 남부순환로 3022
A8: 4 | B8: 서울 | C8: 강남서초교육지원청 | D8: 강남구 | E8: 초 | F8: 공립 | G8: 서울도성초등학교 | H8: 선도학교 | J8: 02-567-0039 | K8: http://seouldoseong.sen.es.kr | L8: 서울특별시 강남구 역삼로 313
A9: 5 | B9: 서울 | C9: 강남서초교육지원청 | D9: 강남구 | E9: 초 | F9: 공립 | G9: 서울언북초등학교 | H9: 선도학교 | J9: 02-514-5981 | K9: http://eonbuk.sen.es.kr | L9: 서울특별시 강남구 삼성로135길 42
A10: 6 | B10: 서울 | C10: 강남서초교육지원청 | D10: 강남구 | E10: 초 | F10: 공립 | G10: 서울역삼초등학교 | H10: 선도학교 | J10: 02-563-9168 | K10: http://yeoksam.sen.es.kr | L10: 서울특별시 강남구 강남대로66길 21
A11: 7 | B11: 서울 | C11: 강남서초교육지원청 | D11: 강남구 | E11: 초 | F11: 공립 | G11: 서울학동초등학교 | H11: 선도학교 | J11: 02-546-5185 | K11: http://hakdong.sen.es.kr | L11: 서울특별시 강남구 선릉로115길 42
A12: 8 | B12: 서울 | C12: 강남서초교육지원청 | D12: 강남구 | E12: 중 | F12: 공립 | G12: 대명중학교 | H12: 선도학교 | J12: 02-563-3701 | K12: http://daemyeong.sen.ms.kr | L12: 서울특별시 강남구 역삼로87길 26
A13: 9 | B13: 서울 | C13: 강남서초교육지원청 | D13: 강남구 | E13: 중 | F13: 공립 | G13: 대청중학교 | H13: 선도학교 | J13: 02-553-9830 | K13: http://daecheong.sen.ms.kr | L13: 서울특별시 강남구 양재천로 321
A14: 10 | B14: 서울 | C14: 강남서초교육지원청 | D14: 강남구 | E14: 중 | F14: 공립 | G14: 세곡중학교 | H14: 선도학교 | J14: 02-2040-2900 | K14: http://segok.sen.ms.kr | L14: 서울특별시 강남구 자곡로 81
A15: 11 | B15: 서울 | C15: 강남서초교육지원청 | D15: 서초구 | E15: 초 | F15: 공립 | G15: 서울반원초등학교 | H15: 선도학교 | J15: 02-599-5662 | K15: http://banwon.sen.es.kr | L15: 서울특별시 서초구 잠원로3길 28
A16: 12 | B16: 서울 | C16: 강남서초교육지원청 | D16: 서초구 | E16: 초 | F16: 공립 | G16: 서울원명초등학교 | H16: 선도학교 | J16: 02-593-4492 | K16: http://wonmyong.sen.es.kr | L16: 서울특별시 서초구 고무래로 90-6
A17: 13 | B17: 서울 | C17: 강남서초교육지원청 | D17: 서초구 | E17: 중 | F17: 공립 | G17: 경원중학교 | H17: 선도학교 | J17: 02-593-6578 | K17: http://gyeongwon.sen.ms.kr | L17: 서울특별시 서초구 신반포로33길 39
... A194: 190 | B194: 서울 | C194: 중부교육지원청 | D194: 중구 | E194: 중 | F194: 공립 | G194: 금호중학교 | H194: 선도학교 | J194: 02-2088-0549 | K194: http://geumho.sen.ms.kr | L194: 서울특별시 중구 청구로 6
A195: 191 | B195: 부산 | C195: 교육청 직속 | D195: 금정구 | E195: 고 | F195: 사립 | G195: 대진전자통신고등학교 | H195: 선도학교 | I195: O | J195: 051-582-8100 | K195: http://www.pdj.hs.kr | L195: 부산광역시 금정구 수림로 92
A196: 192 | B196: 부산 | C196: 교육청 직속 | D196: 금정구 | E196: 고 | F196: 사립 | G196: 부산정보관광고등학교 | H196: 선도학교 | J196: 051-518-7922 | K196: http://www.pusan-ith.hs.kr | L196: 부산광역시 금정구 동현로 37
A197: 193 | B197: 부산 | C197: 교육청 직속 | D197: 금정구 | E197: 특수/기타 | F197: 사립 | G197: 부산은애학교 | H197: 선도학교 | I197: O | J197: 051-508-0606 | K197: http://school.busanedu.net | L197: 부산광역시 금정구 청룡예전로 107
A198: 194 | B198: 부산 | C198: 교육청 직속 | D198: 기장군 | E198: 특수/기타 | F198: 사립 | G198: 부산성우학교 | H198: 선도학교 | I198: O | J198: 051-911-1000 | K198: http://sungwoo.sc.kr | L198: 부산광역시 기장군 장안읍 대룡2길 45
A199: 195 | B199: 부산 | C199: 교육청 직속 | D199: 기장군 | E199: 특수/기타 | F199: 공립 | G199: 부산해마루학교 | H199: 선도학교 | I199: O | J199: 051-720-0000 | K199: http://haemaru.sc.kr | L199: 부산광역시 기장군 정관읍 모전로 23
A200: 196 | B200: 부산 | C200: 교육청 직속 | D200: 남구 | E200: 고 | F200: 사립 | G200: 동명공업고등학교 | H200: 선도학교 | J200: 051-610-2527 | K200: http://tm.hs.kr | L200: 부산광역시 남구 신선로 410
A201: 197 | B201: 부산 | C201: 교육청 직속 | D201: 남구 | E201: 고 | F201: 사립 | G201: 배정미래고등학교 | H201: 선도학교 | J201: 051-635-2291 | K201: http://mr.hs.kr | L201: 부산광역시 남구 장고개로85번길 14-40
A202: 198 | B202: 부산 | C202: 교육청 직속 | D202: 남구 | E202: 고 | F202: 사립 | G202: 세연고등학교 | H202: 선도학교 | J202: 051-632-4251 | K202: http://seyeon.hs.kr | L202: 부산광역시 남구 진남로 82-19
A203: 199 | B203: 부산 | C203: 교육청 직속 | D203: 동구 | E203: 고 | F203: 사립 | G203: 부산컴퓨터과학고등학교 | H203: 선도학교 | I203: O | J203: 051-460-0500 | K203: http://www.pcs.hs.kr | L203: 부산광역시 동구 초량로80번길 5
A204: 200 | B204: 부산 | C204: 교육청 직속 | D204: 동래구 | E204: 고 | F204: 사립 | G204: 용인고등학교 | H204: 선도학교 | J204: 051-525-0029 | K204: http://psyongin.hs.kr | L204: 부산광역시 동래구 시실로107번길 37
A205: 201 | B205: 부산 | C205: 교육청 직속 | D205: 부산진구 | E205: 고 | F205: 사립 | G205: 부산동성고등학교 | H205: 선도학교 | I205: O | J205: 051-802-4631 | K205: http://school.busanedu.net/psdongsung-h | L205: 부산광역시 부산진구 동성로 16
A206: 202 | B206: 부산 | C206: 교육청 직속 | D206: 부산진구 | E206: 고 | F206: 사립 | G206: 부산마케팅고등학교 | H206: 선도학교 | I206: O | J206: 051-803-1264 | K206: http://www.marketing.hs.kr | L206: 부산광역시 부산진구 봉수로 13
A207: 203 | B207: 부산 | C207: 교육청 직속 | D207: 부산진구 | E207: 고 | F207: 사립 | G207: 세정고등학교 | H207: 선도학교 | J207: 051-860-1500 | K207: http://www.sejeong.hs.kr | L207: 부산광역시 부산진구 양정로 88-12
A208: 204 | B208: 부산 | C208: 교육청 직속 | D208: 사상구 | E208: 고 | F208: 사립 | G208: 대덕여자고등학교 | H208: 선도학교 | J208: 051-309-8810 | K208: http://daeduk.hs.kr | L208: 부산광역시 사상구 백양대로804번길 42-55
A209: 205 | B209: 부산 | C209: 교육청 직속 | D209: 사하구 | E209: 고 | F209: 사립 | G209: 대광고등학교 | H209: 선도학교 | J209: 051-292-3225 | K209: http://www.daegwang.hs.kr | L209: 부산광역시 사하구 동매로 135
A210: 206 | B210: 부산 | C210: 교육청 직속 | D210: 사하구 | E210: 고 | F210: 사립 | G210: 대동고등학교 | H210: 선도학교 | I210: O | J210: 051-292-1697 | K210: http://www.ddhs.hs.kr | L210: 부산광역시 사하구 을숙도대로709번길 27
A211: 207 | B211: 부산 | C211: 교육청 직속 | D211: 사하구 | E211: 고 | F211: 사립 | G211: 동아고등학교 | H211: 선도학교 | I211: O | J211: 051-290-5000 | K211: http://dong-a.hs.kr | L211: 부산광역시 사하구 괴정로244번길 63
A212: 208 | B212: 부산 | C212: 교육청 직속 | D212: 서구 | E212: 고 | F212: 사립 | G212: 경성전자고등학교 | H212: 선도학교 | J212: 051-253-2450 | K212: http://www.kse.hs.kr | L212: 부산광역시 서구 꽃마을로 25
A213: 209 | B213: 부산 | C213: 교육청 직속 | D213: 수영구 | E213: 고 | F213: 사립 | G213: 덕문여자고등학교 | H213: 선도학교 | J213: 051-756-1802 | K213: http://www.dukmoon.hs.kr | L213: 부산광역시 수영구 연수로310번길 114
A214: 210 | B214: 부산 | C214: 교육청 직속 | D214: 연제구 | E214: 고 | F214: 사립 | G214: 계성여자고등학교 | H214: 선도학교 | J214: 051-503-4894 | K214: http://school.busanedu.net/gyeseong-gc-h | L214: 부산광역시 연제구 해맞이로109번길 47
A215: 211 | B215: 부산 | C215: 교육청 직속 | D215: 연제구 | E215: 고 | F215: 사립 | G215: 이사벨고등학교 | H215: 선도학교 | I215: O | J215: 051-590-2150 | K215: http://www.isabelle.hs.kr | L215: 부산광역시 연제구 중앙대로 1197
A216: 212 | B216: 부산 | C216: 교육청 직속 | D216: 영도구 | E216: 고 | F216: 사립 | G216: 부산보건고등학교 | H216: 선도학교 | I216: O | J216: 051-418-9254 | K216: http://busanhc.com | L216: 부산광역시 영도구 절영로 163
A217: 213 | B217: 부산 | C217: 교육청 직속 | D217: 영도구 | E217: 고 | F217: 공립 | G217: 부산영상예술고등학교 | H217: 선도학교 | J217: 051-419-0322 | K217: http://visual.hs.kr | L217: 부산광역시 영도구 영상길 100
A218: 214 | B218: 부산 | C218: 교육청 직속 | D218: 해운대구 | E218: 고 | F218: 사립 | G218: 부산문화여자고등학교 | H218: 선도학교 | J218: 051-746-2952 | K218: http://bs-moonhwa.hs.kr | L218: 부산광역시 해운대구 해운대로469번길 50
A219: 215 | B219: 부산 | C219: 교육청 직속 | D219: 해운대구 | E219: 고 | F219: 사립 | G219: 부산센텀여자고등학교 | H219: 선도학교 | J219: 051-731-3508 | K219: http://school.busanedu.net/busan-cg-h/main.do | L219: 부산광역시 해운대구 해운대로469번길 50-1
A220: 216 | B220: 부산 | C220: 교육청 직속 | D220: 해운대구 | E220: 고 | F220: 사립 | G220: 영산고등학교 | H220: 선도학교 | J220: 051-540-9500 | K220: http://ysh.hs.kr | L220: 부산광역시 해운대구 반송순환로 142-1
A221: 217 | B221: 부산 | C221: 교육청 직속 | D221: 해운대구 | E221: 고 | F221: 사립 | G221: 해운대관광고등학교 | H221: 선도학교 | J221: 051-742-0041 | K221: http://www.h-tour.hs.kr | L221: 부산광역시 해운대구 우동2로60번길 38
A222: 218 | B222: 부산 | C222: 남부교육지원청 | D222: 남구 | E222: 초 | F222: 공립 | G222: 문현초등학교 | H222: 선도학교 | J222: 051-646-8565 | K222: http://school.busanedu.net/moonhyun-e | L222: 부산광역시 남구 고동골로 86-13
A223: 219 | B223: 부산 | C223: 남부교육지원청 | D223: 남구 | E223: 중 | F223: 공립 | G223: 대천중학교 | H223: 선도학교 | J223: 051-622-7180 | K223: http://www.daecheon.ms.kr | L223: 부산광역시 남구 신선로 491
A224: 220 | B224: 부산 | C224: 남부교육지원청 | D224: 남구 | E224: 중 | F224: 사립 | G224: 해연중학교 | H224: 선도학교 | J224: 051-646-5004 | K224: http://www.haeyeon.ms.kr | L224: 부산광역시 남구 진남로110번길 25
A225: 221 | B225: 부산 | C225: 남부교육지원청 | D225: 동구 | E225: 중 | F225: 사립 | G225: 선화여자중학교 | H225: 선도학교 | J225: 051-460-0600 | K225: http://seonhwa-gm.ms.kr | L225: 부산광역시 동구 초량로80번길 5
A226: 222 | B226: 부산 | C226: 남부교육지원청 | D226: 부산진구 | E226: 초 | F226: 공립 | G226: 개림초등학교 | H226: 선도학교 | J226: 051-607-7001 | L226: 부산광역시 부산진구 백양대로320번길 40
A227: 223 | B227: 부산 | C227: 남부교육지원청 | D227: 부산진구 | E227: 중 | F227: 사립 | G227: 항도중학교 | H227: 선도학교 | I227: O | J227: 051-809-1910 | K227: http://www.hangdo.ms.kr | L227: 부산광역시 부산진구 동성로118번길 44
A228: 224 | B228: 부산 | C228: 동래교육지원청 | D228: 금정구 | E228: 초 | F228: 사립 | G228: 동래초등학교 | H228: 선도학교 | J228: 051-581-0901 | K228: http://www.dongrae.es.kr | L228: 부산광역시 금정구 체육공원로44번길 26
A229: 225 | B229: 부산 | C229: 동래교육지원청 | D229: 금정구 | E229: 초 | F229: 공립 | G229: 장서초등학교 | H229: 선도학교 | J229: 051-515-3606 | K229: http://www.jangseo.es.kr | L229: 부산광역시 금정구 금강로 453
A230: 226 | B230: 부산 | C230: 동래교육지원청 | D230: 금정구 | E230: 중 | F230: 사립 | G230: 부산예술중학교 | H230: 선도학교 | J230: 051-518-4032 | K230: http://school.busanedu.net/pusanarts-m | L230: 부산광역시 금정구 체육공원로 20
A231: 227 | B231: 부산 | C231: 동래교육지원청 | D231: 동래구 | E231: 초 | F231: 공립 | G231: 내성초등학교 | H231: 선도학교 | J231: 051-550-8600 | K231: http://www.naesung.es.kr | L231: 부산광역시 동래구 동래로 173
A232: 228 | B232: 부산 | C232: 동래교육지원청 | D232: 동래구 | E232: 초 | F232: 공립 | G232: 명서초등학교 | H232: 선도학교 | I232: O | J232: 051-524-7837 | K232: http://www.myongseo.es.kr | L232: 부산광역시 동래구 명서로 121
A233: 229 | B233: 부산 | C233: 동래교육지원청 | D233: 동래구 | E233: 초 | F233: 공립 | G233: 사직초등학교 | H233: 선도학교 | J233: 051-500-3200 | K233: http://www.sajik.es.kr | L233: 부산광역시 동래구 쇠미로81번길 7
A234: 230 | B234: 부산 | C234: 동래교육지원청 | D234: 동래구 | E234: 초 | F234: 공립 | G234: 온샘초등학교 | H234: 선도학교 | J234: 051-667-6900 | K234: http://www.onsaem.es.kr | L234: 부산광역시 동래구 충렬대로75번길 25
A235: 231 | B235: 부산 | C235: 동래교육지원청 | D235: 동래구 | E235: 초 | F235: 공립 | G235: 온천초등학교 | H235: 선도학교 | J235: 051-550-7800 | K235: http://www.onchun.es.kr | L235: 부산광역시 동래구 충렬대로107번길 124
A236: 232 | B236: 부산 | C236: 동래교육지원청 | D236: 연제구 | E236: 초 | F236: 공립 | G236: 연동초등학교 | H236: 선도학교 | J236: 051-853-7172 | K236: http://yondong.es.kr | L236: 부산광역시 연제구 고분로56번길 40
A237: 233 | B237: 부산 | C237: 동래교육지원청 | D237: 연제구 | E237: 초 | F237: 공립 | G237: 연산초등학교 | H237: 선도학교 | J237: 051-850-1901 | K237: http://www.yonsan.es.kr | L237: 부산광역시 연제구 월드컵대로 41
A238: 234 | B238: 부산 | C238: 동래교육지원청 | D238: 연제구 | E238: 초 | F238: 공립 | G238: 연서초등학교 | H238: 선도학교 | J238: 051-790-5400 | K238: http://school.busanedu.net/yeonseo-e/main.do | L238: 부산광역시 연제구 거제천로270번길 30
A239: 235 | B239: 부산 | C239: 동래교육지원청 | D239: 연제구 | E239: 중 | F239: 사립 | G239: 이사벨중학교 | H239: 선도학교 | J239: 051-590-2400 | K239: http://school.busanedu.net/isabelle-m | L239: 부산광역시 연제구 중앙대로 1197
A240: 236 | B240: 부산 | C240: 북부교육지원청 | D240: 강서구 | E240: 초 | F240: 공립 | G240: 강서초등학교 | H240: 선도학교 | J240: 051-366-1900 | K240: http://gangseoe.es.kr | L240: 부산광역시 강서구 에코델타2로 94
A241: 237 | B241: 부산 | C241: 북부교육지원청 | D241: 강서구 | E241: 초 | F241: 공립 | G241: 녹산초등학교 | H241: 선도학교 | J241: 051-979-1000 | K241: http://noksan.es.kr | L241: 부산광역시 강서구 과학산단2로20번길 55
A242: 238 | B242: 부산 | C242: 북부교육지원청 | D242: 강서구 | E242: 초 | F242: 공립 | G242: 대저중앙초등학교 | H242: 선도학교 | J242: 051-605-1000 | K242: http://dj-ja.es.kr | L242: 부산광역시 강서구 에코델타2로 23
A243: 239 | B243: 부산 | C243: 북부교육지원청 | D243: 강서구 | E243: 초 | F243: 공립 | G243: 명문초등학교 | H243: 선도학교 | I243: O | J243: 051-710-2114 | K243: http://myeongmun.es.kr | L243: 부산광역시 강서구 명지국제8로 195
A244: 240 | B244: 부산 | C244: 북부교육지원청 | D244: 강서구 | E244: 초 | F244: 공립 | G244: 신명초등학교 | H244: 선도학교 | J244: 051-792-1200 | K244: http://bssm.es.kr | L244: 부산광역시 강서구 명지국제7로 178
A245: 241 | B245: 부산 | C245: 북부교육지원청 | D245: 강서구 | E245: 중 | F245: 공립 | G245: 오션중학교 | H245: 선도학교 | J245: 051-609-1700 | K245: http://ocean.ms.kr | L245: 부산광역시 강서구 명지오션시티1로 221
A246: 242 | B246: 부산 | C246: 북부교육지원청 | D246: 북구 | E246: 초 | F246: 공립 | G246: 명덕초등학교 | H246: 선도학교 | J246: 051-330-6800 | K246: http://myd.es.kr | L246: 부산광역시 북구 금곡대로186번길 43
A247: 243 | B247: 부산 | C247: 북부교육지원청 | D247: 북구 | E247: 초 | F247: 공립 | G247: 명진초등학교 | H247: 선도학교 | I247: O | J247: 051-330-4700 | K247: http://myungjin.es.kr | L247: 부산광역시 북구 화명신도시로 159
A248: 244 | B248: 부산 | C248: 북부교육지원청 | D248: 북구 | E248: 초 | F248: 공립 | G248: 학사초등학교 | H248: 선도학교 | I248: O | J248: 051-330-4401 | K248: http://school.busanedu.net/haksa-e | L248: 부산광역시 북구 용당로15번길 20
A249: 245 | B249: 부산 | C249: 북부교육지원청 | D249: 북구 | E249: 초 | F249: 공립 | G249: 화정초등학교 | H249: 선도학교 | I249: O | J249: 051-330-4100 | K249: http://www.bshj.es.kr | L249: 부산광역시 북구 의성로 23
A250: 246 | B250: 부산 | C250: 북부교육지원청 | D250: 사상구 | E250: 초 | F250: 공립 | G250: 구학초등학교 | H250: 선도학교 | J250: 051-313-3892 | K250: http://www.guhag.es.kr | L250: 부산광역시 사상구 학감대로 49
A251: 247 | B251: 부산 | C251: 북부교육지원청 | D251: 사상구 | E251: 초 | F251: 공립 | G251: 모덕초등학교 | H251: 선도학교 | J251: 051-320-0800 | K251: http://school.busanedu.net/modeok-e | L251: 부산광역시 사상구 덕상로 120
A252: 248 | B252: 부산 | C252: 북부교육지원청 | D252: 사상구 | E252: 초 | F252: 공립 | G252: 엄궁초등학교 | H252: 선도학교 | J252: 051-323-6840 | K252: http://www.omgung.es.kr | L252: 부산광역시 사상구 엄궁로191번길 23
A253: 249 | B253: 부산 | C253: 북부교육지원청 | D253: 사상구 | E253: 초 | F253: 공립 | G253: 주감초등학교 | H253: 선도학교 | I253: O | J253: 051-320-3900 | K253: http://www.jugam.es.kr | L253: 부산광역시 사상구 양지로 48
A254: 250 | B254: 부산 | C254: 서부교육지원청 | D254: 사하구 | E254: 초 | F254: 공립 | G254: 옥천초등학교 | H254: 선도학교 | J254: 051-200-0600 | K254: http://okchun.es.kr | L254: 부산광역시 사하구 사하로 134
A255: 251 | B255: 부산 | C255: 서부교육지원청 | D255: 사하구 | E255: 초 | F255: 공립 | G255: 효림초등학교 | H255: 선도학교 | J255: 051-261-5220 | K255: http://hyorim.es.kr | L255: 부산광역시 사하구 장평로 106
A256: 252 | B256: 부산 | C256: 서부교육지원청 | D256: 사하구 | E256: 중 | F256: 공립 | G256: 사하중학교 | H256: 선도학교 | J256: 051-602-0102 | K256: http://saha.ms.kr | L256: 부산광역시 사하구 낙동대로302번길 35
A257: 253 | B257: 부산 | C257: 서부교육지원청 | D257: 서구 | E257: 초 | F257: 공립 | G257: 부민초등학교 | H257: 선도학교 | J257: 051-603-2100 | K257: http://www.bumin.es.kr | L257: 부산광역시 서구 고운들로 12
A258: 254 | B258: 부산 | C258: 서부교육지원청 | D258: 서구 | E258: 초 | F258: 공립 | G258: 토성초등학교 | H258: 선도학교 | I258: O | J258: 051-250-0800 | K258: http://toseong.es.kr | L258: 부산광역시 서구 구덕로134번길 45
A259: 255 | B259: 부산 | C259: 서부교육지원청 | D259: 영도구 | E259: 초 | F259: 공립 | G259: 남항초등학교 | H259: 선도학교 | J259: 051-417-4142 | K259: http://namhang.es.kr | L259: 부산광역시 영도구 남항새싹길 55
A260: 256 | B260: 부산 | C260: 서부교육지원청 | D260: 영도구 | E260: 초 | F260: 공립 | G260: 상리초등학교 | H260: 선도학교 | I260: O | J260: 051-719-5800 | K260: http://ses.es.kr | L260: 부산광역시 영도구 상리로 38
A261: 257 | B261: 부산 | C261: 서부교육지원청 | D261: 중구 | E261: 초 | F261: 사립 | G261: 남성초등학교 | H261: 선도학교 | J261: 051-469-7963 | K261: http://www.nisb.kr | L261: 부산광역시 중구 샘길 14
A262: 258 | B262: 부산 | C262: 서부교육지원청 | D262: 중구 | E262: 중 | F262: 사립 | G262: 덕원중학교 | H262: 선도학교 | J262: 051-790-8100 | K262: http://www.deogweon.ms.kr | L262: 부산광역시 중구 망양로 356
A263: 259 | B263: 부산 | C263: 해운대교육지원청 | D263: 기장군 | E263: 초 | F263: 공립 | G263: 달산초등학교 | H263: 선도학교 | I263: O | J263: 051-750-9900 | K263: http://bsdalsan.es.kr | L263: 부산광역시 기장군 정관읍 정관로 674
A264: 260 | B264: 부산 | C264: 해운대교육지원청 | D264: 기장군 | E264: 초 | F264: 공립 | G264: 대청초등학교 | H264: 선도학교 | I264: O | J264: 051-723-0923 | K264: http://www.daechung.es.kr | L264: 부산광역시 기장군 기장읍 차성서로 31
A265: 261 | B265: 부산 | C265: 해운대교육지원청 | D265: 기장군 | E265: 초 | F265: 공립 | G265: 신정초등학교 | H265: 선도학교 | I265: O | J265: 051-745-3500 | K265: http://sinjeong.kr | L265: 부산광역시 기장군 정관읍 정관로 460
A266: 262 | B266: 부산 | C266: 해운대교육지원청 | D266: 기장군 | E266: 초 | F266: 공립 | G266: 해빛초등학교 | H266: 선도학교 | I266: O | J266: 051-790-8300 | K266: http://haebit.es.kr | L266: 부산광역시 기장군 일광읍 해빛6로 9
A267: 263 | B267: 부산 | C267: 해운대교육지원청 | D267: 수영구 | E267: 초 | F267: 공립 | G267: 광안초등학교 | H267: 선도학교 | J267: 051-790-2200 | K267: http://www.kwangan.es.kr | L267: 부산광역시 수영구 광안로35번길 42
A268: 264 | B268: 부산 | C268: 해운대교육지원청 | D268: 수영구 | E268: 중 | F268: 공립 | G268: 한바다중학교 | H268: 선도학교 | J268: 051-760-0700 | K268: http://hanbada.ms.kr | L268: 부산광역시 수영구 광안로21번가길 57
A269: 265 | B269: 부산 | C269: 해운대교육지원청 | D269: 해운대구 | E269: 초 | F269: 공립 | G269: 반산초등학교 | H269: 선도학교 | J269: 051-780-2000 | K269: http://www.bansan.es.kr | L269: 부산광역시 해운대구 재반로 171
A270: 266 | B270: 부산 | C270: 해운대교육지원청 | D270: 해운대구 | E270: 초 | F270: 공립 | G270: 삼어초등학교 | H270: 선도학교 | I270: O | J270: 051-520-6500 | K270: http://sameo.es.kr | L270: 부산광역시 해운대구 삼어로91번길 73
A271: 267 | B271: 부산 | C271: 해운대교육지원청 | D271: 해운대구 | E271: 초 | F271: 공립 | G271: 송운초등학교 | H271: 선도학교 | J271: 051-540-2600 | K271: http://songun.es.kr | L271: 부산광역시 해운대구 신반송로 20
A272: 268 | B272: 부산 | C272: 해운대교육지원청 | D272: 해운대구 | E272: 중 | F272: 공립 | G272: 양운중학교 | H272: 선도학교 | J272: 051-720-4600 | K272: http://school.busanedu.net/yangun-m/main.do | L272: 부산광역시 해운대구 좌동순환로99번길 7
A273: 269 | B273: 대구 | C273: 교육청 직속 | D273: 남구 | E273: 고 | F273: 사립 | G273: 경일여자고등학교 | H273: 선도학교 | J273: 053-235-7500 | K273: http://g-il.dge.hs.kr | L273: 대구광역시 남구 효성로 37
A274: 270 | B274: 대구 | C274: 교육청 직속 | D274: 남구 | E274: 고 | F274: 사립 | G274: 협성고등학교 | H274: 선도학교 | J274: 053-235-6166 | K274: http://hyupsung.dge.hs.kr | L274: 대구광역시 남구 효성로 33
A275: 271 | B275: 대구 | C275: 교육청 직속 | D275: 달서구 | E275: 고 | F275: 사립 | G275: 경원고등학교 | H275: 선도학교 | J275: 053-235-5600 | K275: http://www.kwh.dge.hs.kr | L275: 대구광역시 달서구 새방로 77
A276: 272 | B276: 대구 | C276: 교육청 직속 | D276: 달서구 | E276: 고 | F276: 사립 | G276: 경화여자고등학교 | H276: 선도학교 | J276: 053-235-7577 | K276: http://kyonghwa.dge.hs.kr | L276: 대구광역시 달서구 당산로30길 20
A277: 273 | B277: 대구 | C277: 교육청 직속 | D277: 달서구 | E277: 고 | F277: 사립 | G277: 대건고등학교 | H277: 선도학교 | I277: O | J277: 053-235-4600 | K277: http://daegun.dge.hs.kr | L277: 대구광역시 달서구 월곡로94길 46
...
